日付,球場,ホーム球団,ビジター球団,ホーム得点,ビジター得点,ホーム安打,ビジター安打,ホーム失策,ビジター失策,ホームラン数（ホーム）,ホームラン数（ビジター）,イニング別得点（ホーム(ビジター)）,観客動員数,URL
2022年3月25日（金）,横　浜,横浜DeNAベイスターズ,広島東洋カープ,3,11,6,17,1,0,0,0,"0(0),0(3),0(0),1(0),0(0),0(5),2(0),0(1),0(2)",32436,https://npb.jp/scores/2022/0325/db-c-01/
2022年3月25日（金）,楽天生命パーク,東北楽天ゴールデンイーグルス,千葉ロッテマリーンズ,0,4,3,6,0,1,0,0,"0(0),0(0),0(0),0(0),0(0),0(3),0(0),0(1),0(0)",20564,https://npb.jp/scores/2022/0325/e-m-01/
2022年3月25日（金）,東京ドーム,読売ジャイアンツ,中日ドラゴンズ,4,2,8,10,1,2,0,0,"0(0),1(0),0(1),0(1),3(0),0(0),0(0),0(0),x(0)",38156,https://npb.jp/scores/2022/0325/g-d-01/
2022年3月25日（金）,PayPayドーム,福岡ソフトバンクホークス,北海道日本ハムファイターズ,4,1,8,4,0,0,0,0,"0(0),0(0),0(0),0(1),0(0),0(0),0(0),4(0),x(0)",35141,https://npb.jp/scores/2022/0325/h-f-01/
2022年3月25日（金）,ベルーナドーム,埼玉西武ライオンズ,オリックス・バファローズ,0,6,4,7,2,0,0,0,"0(0),0(0),0(0),0(0),0(0),0(2),0(0),0(0),0(4)",22646,https://npb.jp/scores/2022/0325/l-b-01/
2022年3月25日（金）,京セラD大阪,阪神タイガース,東京ヤクルトスワローズ,8,10,15,15,0,1,0,0,"0(1),1(0),3(0),4(0),0(0),0(1),0(1),0(4),0(3)",35510,https://npb.jp/scores/2022/0325/t-s-01/
2022年3月26日（土）,横　浜,横浜DeNAベイスターズ,広島東洋カープ,5,10,11,14,2,1,0,0,"0(1),0(0),0(1),2(2),1(4),0(2),0(0),0(0),2(0)",30663,https://npb.jp/scores/2022/0326/db-c-02/
2022年3月26日（土）,楽天生命パーク,東北楽天ゴールデンイーグルス,千葉ロッテマリーンズ,,,,,,,0,0,"(),(),(),(),(),(),(),(),()",0,https://npb.jp/scores/2022/0326/e-m-02/
2022年3月26日（土）,東京ドーム,読売ジャイアンツ,中日ドラゴンズ,7,5,12,5,2,0,0,0,"0(0),1(1),0(0),1(0),0(2),0(0),0(0),5(2),x(0)",34977,https://npb.jp/scores/2022/0326/g-d-02/
2022年3月26日（土）,PayPayドーム,福岡ソフトバンクホークス,北海道日本ハムファイターズ,6,3,9,7,0,1,0,0,"0(0),1(0),0(0),0(1),5(0),0(1),0(0),0(0),x(1)",33380,https://npb.jp/scores/2022/0326/h-f-02/
2022年3月26日（土）,ベルーナドーム,埼玉西武ライオンズ,オリックス・バファローズ,5,0,9,1,0,0,0,0,"3(0),0(0),0(0),1(0),0(0),0(0),0(0),1(0),x(0)",18109,https://npb.jp/scores/2022/0326/l-b-02/
2022年3月26日（土）,京セラD大阪,阪神タイガース,東京ヤクルトスワローズ,0,6,2,8,0,0,0,0,"0(0),0(0),0(0),0(0),0(0),0(4),0(0),0(0),0(2)",28315,https://npb.jp/scores/2022/0326/t-s-02/
2022年3月27日（日）,横　浜,横浜DeNAベイスターズ,広島東洋カープ,6,7,10,10,1,1,0,0,"0(0),0(0),2(0),0(0),1(4),1(0),0(0),1(0),1(3)",30431,https://npb.jp/scores/2022/0327/db-c-03/
2022年3月27日（日）,楽天生命パーク,東北楽天ゴールデンイーグルス,千葉ロッテマリーンズ,6,5,10,10,1,0,0,0,"0(0),0(0),2(1),0(0),0(0),1(0),0(0),1(4),1(0)",19903,https://npb.jp/scores/2022/0327/e-m-02/
2022年3月27日（日）,東京ドーム,読売ジャイアンツ,中日ドラゴンズ,5,7,12,11,1,1,0,0,"4(0),0(0),0(0),0(0),0(1),0(0),1(0),0(2),0(2)",33750,https://npb.jp/scores/2022/0327/g-d-03/
2022年3月27日（日）,PayPayドーム,福岡ソフトバンクホークス,北海道日本ハムファイターズ,6,4,8,3,1,1,0,0,"3(0),0(0),0(0),0(1),2(3),1(0),0(0),0(0),x(0)",32096,https://npb.jp/scores/2022/0327/h-f-03/
2022年3月27日（日）,ベルーナドーム,埼玉西武ライオンズ,オリックス・バファローズ,7,6,9,7,1,0,0,0,"0(2),0(2),0(2),0(0),1(0),4(0),0(0),2(0),x(0)",15655,https://npb.jp/scores/2022/0327/l-b-03/
2022年3月27日（日）,京セラD大阪,阪神タイガース,東京ヤクルトスワローズ,0,4,5,10,0,1,0,0,"0(0),0(1),0(0),0(0),0(0),0(2),0(1),0(0),0(0)",29111,https://npb.jp/scores/2022/0327/t-s-03/
2022年3月29日（火）,京セラD大阪,オリックス・バファローズ,東北楽天ゴールデンイーグルス,1,2,6,6,1,0,0,0,"0(0),0(0),1(0),0(0),0(1),0(0),0(1),0(0),0(0)",26237,https://npb.jp/scores/2022/0329/b-e-01/
2022年3月29日（火）,マツダスタジアム,広島東洋カープ,阪神タイガース,3,2,7,9,1,0,0,0,"0(0),0(0),1(0),0(0),0(0),0(2),0(0),0(0),2x(0)",28028,https://npb.jp/scores/2022/0329/c-t-01/
2022年3月29日（火）,バンテリンドーム,中日ドラゴンズ,横浜DeNAベイスターズ,0,4,3,8,0,1,0,0,"0(0),0(0),0(2),0(0),0(1),0(0),0(0),0(0),0(1)",28088,https://npb.jp/scores/2022/0329/d-db-01/
2022年3月29日（火）,札幌ドーム,北海道日本ハムファイターズ,埼玉西武ライオンズ,0,4,7,6,0,0,0,0,"0(0),0(2),0(0),0(0),0(1),0(0),0(0),0(1),0(0)",20868,https://npb.jp/scores/2022/0329/f-l-01/
2022年3月29日（火）,ZOZOマリン,千葉ロッテマリーンズ,福岡ソフトバンクホークス,1,2,2,5,0,0,0,0,"0(0),0(0),0(1),0(0),0(0),0(0),0(0),1(0),0(0)",23683,https://npb.jp/scores/2022/0329/m-h-01/
2022年3月29日（火）,神　宮,東京ヤクルトスワローズ,読売ジャイアンツ,3,5,9,3,1,0,0,0,"1(0),0(0),0(0),0(1),0(0),0(4),1(0),1(0),0(0)",21434,https://npb.jp/scores/2022/0329/s-g-01/
2022年3月30日（水）,京セラD大阪,オリックス・バファローズ,東北楽天ゴールデンイーグルス,1,6,6,12,2,0,0,0,"0(3),0(0),0(1),0(0),0(0),1(2),0(0),0(0),0(0)",17835,https://npb.jp/scores/2022/0330/b-e-02/
2022年3月30日（水）,マツダスタジアム,広島東洋カープ,阪神タイガース,8,3,13,6,1,2,0,0,"0(0),0(0),0(0),0(0),0(1),3(0),3(0),2(0),x(2)",23218,https://npb.jp/scores/2022/0330/c-t-02/
2022年3月30日（水）,バンテリンドーム,中日ドラゴンズ,横浜DeNAベイスターズ,6,7,8,6,0,0,0,0,"0(0),0(2),0(2),2(0),0(0),0(3),0(0),4(0),0(0)",23344,https://npb.jp/scores/2022/0330/d-db-02/
2022年3月30日（水）,札幌ドーム,北海道日本ハムファイターズ,埼玉西武ライオンズ,3,5,6,10,0,0,0,0,"1(0),0(0),0(0),0(0),0(0),2(5),0(0),0(0),0(0)",17519,https://npb.jp/scores/2022/0330/f-l-02/
2022年3月30日（水）,ZOZOマリン,千葉ロッテマリーンズ,福岡ソフトバンクホークス,3,4,7,9,1,1,0,0,"0(0),0(2),1(0),2(0),0(0),0(0),0(2),0(0),0(0)",23169,https://npb.jp/scores/2022/0330/m-h-02/
2022年3月30日（水）,神　宮,東京ヤクルトスワローズ,読売ジャイアンツ,1,3,2,8,0,1,0,0,"0(0),0(0),0(0),0(2),0(0),0(0),0(1),1(0),0(0)",16011,https://npb.jp/scores/2022/0330/s-g-02/
2022年3月31日（木）,京セラD大阪,オリックス・バファローズ,東北楽天ゴールデンイーグルス,0,1,6,4,0,0,0,0,"0(0),0(0),0(0),0(0),0(0),0(0),0(0),0(0),0(1)",15111,https://npb.jp/scores/2022/0331/b-e-03/
2022年3月31日（木）,マツダスタジアム,広島東洋カープ,阪神タイガース,3,2,7,10,0,0,0,0,"0(0),0(1),0(0),0(0),2(1),1(0),0(0),0(0),x(0)",21534,https://npb.jp/scores/2022/0331/c-t-03/
2022年3月31日（木）,バンテリンドーム,中日ドラゴンズ,横浜DeNAベイスターズ,0,1,6,7,0,0,0,0,"0(0),0(0),0(0),0(0),0(0),0(0),0(0),0(0),0(1)",20176,https://npb.jp/scores/2022/0331/d-db-03/
2022年3月31日（木）,札幌ドーム,北海道日本ハムファイターズ,埼玉西武ライオンズ,6,2,9,7,0,2,0,0,"0(0),2(0),1(0),0(0),1(2),0(0),2(0),0(0),x(0)",12655,https://npb.jp/scores/2022/0331/f-l-03/
2022年3月31日（木）,ZOZOマリン,千葉ロッテマリーンズ,福岡ソフトバンクホークス,1,3,8,9,1,1,0,0,"0(0),0(0),0(2),0(0),1(0),0(0),0(0),0(1),0(0)",17148,https://npb.jp/scores/2022/0331/m-h-03/
2022年3月31日（木）,神　宮,東京ヤクルトスワローズ,読売ジャイアンツ,3,6,7,9,1,1,0,0,"0(0),0(0),0(0),0(1),0(0),0(2),0(0),1(0),2(3)",15742,https://npb.jp/scores/2022/0331/s-g-03/
2022年4月1日（金）,京セラD大阪,オリックス・バファローズ,北海道日本ハムファイターズ,2,0,9,5,0,0,0,0,"1(0),0(0),0(0),0(0),1(0),0(0),0(0),0(0),x(0)",21027,https://npb.jp/scores/2022/0401/b-f-01/
2022年4月1日（金）,バンテリンドーム,中日ドラゴンズ,広島東洋カープ,3,2,8,6,1,1,0,0,"0(0),1(0),0(0),0(2),0(0),0(0),0(0),2(0),x(0)",17667,https://npb.jp/scores/2022/0401/d-c-01/
2022年4月1日（金）,楽天生命パーク,東北楽天ゴールデンイーグルス,福岡ソフトバンクホークス,0,1,6,2,0,0,0,0,"0(0),0(0),0(0),0(1),0(0),0(0),0(0),0(0),0(0)",17331,https://npb.jp/scores/2022/0401/e-h-01/
2022年4月1日（金）,東京ドーム,読売ジャイアンツ,阪神タイガース,6,5,11,8,0,1,0,0,"2(0),1(0),2(0),1(0),0(1),0(2),0(0),0(0),x(2)",32984,https://npb.jp/scores/2022/0401/g-t-01/
2022年4月1日（金）,ZOZOマリン,千葉ロッテマリーンズ,埼玉西武ライオンズ,2,1,7,4,1,2,0,0,"1(0),0(0),0(0),0(0),0(0),0(0),0(0),0(1),0(0)",16866,https://npb.jp/scores/2022/0401/m-l-01/
2022年4月1日（金）,神　宮,東京ヤクルトスワローズ,横浜DeNAベイスターズ,1,6,2,7,1,1,0,0,"0(3),1(0),0(0),0(0),0(0),0(0),0(0),0(0),0(3)",18215,https://npb.jp/scores/2022/0401/s-db-01/
2022年4月2日（土）,京セラD大阪,オリックス・バファローズ,北海道日本ハムファイターズ,7,0,11,5,0,1,0,0,"0(0),2(0),0(0),0(0),0(0),0(0),5(0),0(0),x(0)",23169,https://npb.jp/scores/2022/0402/b-f-02/
2022年4月2日（土）,バンテリンドーム,中日ドラゴンズ,広島東洋カープ,4,3,9,4,1,0,0,0,"0(1),0(0),0(0),1(0),0(1),1(0),0(0),0(0),0(0)",26186,https://npb.jp/scores/2022/0402/d-c-02/
2022年4月2日（土）,楽天生命パーク,東北楽天ゴールデンイーグルス,福岡ソフトバンクホークス,,,,,,,0,0,"(),(),(),(),(),(),(),(),()",0,https://npb.jp/scores/2022/0402/e-h-02/
2022年4月2日（土）,東京ドーム,読売ジャイアンツ,阪神タイガース,5,4,5,10,0,0,0,0,"2(2),1(0),1(0),0(1),1(0),0(0),0(0),0(0),x(1)",36485,https://npb.jp/scores/2022/0402/g-t-02/
2022年4月2日（土）,ZOZOマリン,千葉ロッテマリーンズ,埼玉西武ライオンズ,8,1,12,8,0,3,0,0,"0(0),0(0),0(0),2(0),1(0),0(0),5(0),0(1),x(0)",22696,https://npb.jp/scores/2022/0402/m-l-02/
2022年4月2日（土）,神　宮,東京ヤクルトスワローズ,横浜DeNAベイスターズ,3,2,10,7,0,0,0,0,"0(0),0(1),0(0),0(0),1(0),1(0),0(0),0(1),0(0)",20104,https://npb.jp/scores/2022/0402/s-db-02/
2022年4月3日（日）,京セラD大阪,オリックス・バファローズ,北海道日本ハムファイターズ,4,2,5,9,0,0,0,0,"0(0),0(0),0(0),0(2),2(0),0(0),0(0),2(0),x(0)",22525,https://npb.jp/scores/2022/0403/b-f-03/
2022年4月3日（日）,バンテリンドーム,中日ドラゴンズ,広島東洋カープ,1,0,5,3,0,0,0,0,"0(0),0(0),0(0),0(0),0(0),1(0),0(0),0(0),x(0)",23929,https://npb.jp/scores/2022/0403/d-c-03/
2022年4月3日（日）,東京ドーム,読売ジャイアンツ,阪神タイガース,9,5,11,8,0,0,0,0,"4(0),0(0),0(0),0(0),1(0),0(2),4(0),0(1),x(2)",36790,https://npb.jp/scores/2022/0403/g-t-03/
2022年4月3日（日）,ZOZOマリン,千葉ロッテマリーンズ,埼玉西武ライオンズ,4,2,8,5,1,1,0,0,"0(0),1(0),0(0),0(0),0(0),2(0),0(1),1(0),x(1)",21315,https://npb.jp/scores/2022/0403/m-l-03/
2022年4月3日（日）,神　宮,東京ヤクルトスワローズ,横浜DeNAベイスターズ,,,,,,,0,0,"(),(),(),(),(),(),(),(),()",0,https://npb.jp/scores/2022/0403/s-db-03/
2022年4月5日（火）,マツダスタジアム,広島東洋カープ,読売ジャイアンツ,3,1,7,7,1,0,0,0,"1(0),0(0),0(0),0(1),0(0),2(0),0(0),0(0),x(0)",24148,https://npb.jp/scores/2022/0405/c-g-01/
2022年4月5日（火）,楽天生命パーク,東北楽天ゴールデンイーグルス,埼玉西武ライオンズ,7,3,8,10,0,2,0,0,"2(0),0(0),3(0),0(0),0(2),0(0),2(0),0(0),x(1)",16893,https://npb.jp/scores/2022/0405/e-l-01/
2022年4月5日（火）,札幌ドーム,北海道日本ハムファイターズ,千葉ロッテマリーンズ,0,2,6,9,0,0,0,0,"0(0),0(0),0(0),0(2),0(0),0(0),0(0),0(0),0(0)",9133,https://npb.jp/scores/2022/0405/f-m-01/
2022年4月5日（火）,PayPayドーム,福岡ソフトバンクホークス,オリックス・バファローズ,6,3,8,6,0,0,0,0,"0(2),3(0),0(0),2(0),0(1),0(0),0(0),1(0),x(0)",25363,https://npb.jp/scores/2022/0405/h-b-01/
2022年4月5日（火）,神　宮,東京ヤクルトスワローズ,中日ドラゴンズ,6,7,9,14,0,0,0,0,"0(2),0(0),3(3),0(1),0(0),0(0),3(0),0(1),0(0)",13273,https://npb.jp/scores/2022/0405/s-d-01/
2022年4月5日（火）,甲子園,阪神タイガース,横浜DeNAベイスターズ,4,0,6,7,0,0,0,0,"3(0),1(0),0(0),0(0),0(0),0(0),0(0),0(0),x(0)",37408,https://npb.jp/scores/2022/0405/t-db-01/
2022年4月6日（水）,マツダスタジアム,広島東洋カープ,読売ジャイアンツ,1,2,7,5,0,0,0,0,"0(0),1(0),0(0),0(0),0(0),0(0),0(0),0(2),0(0)",23384,https://npb.jp/scores/2022/0406/c-g-02/
2022年4月6日（水）,楽天生命パーク,東北楽天ゴールデンイーグルス,埼玉西武ライオンズ,7,2,8,4,0,0,0,0,"3(0),0(0),0(0),0(0),1(2),0(0),3(0),0(0),x(0)",16870,https://npb.jp/scores/2022/0406/e-l-02/
2022年4月6日（水）,札幌ドーム,北海道日本ハムファイターズ,千葉ロッテマリーンズ,3,2,10,5,1,0,0,0,"0(0),0(0),1(0),1(0),0(0),0(0),0(2),0(0),1x(0)",7953,https://npb.jp/scores/2022/0406/f-m-02/
2022年4月6日（水）,PayPayドーム,福岡ソフトバンクホークス,オリックス・バファローズ,1,3,4,8,1,0,0,0,"0(0),0(0),0(0),0(1),0(0),0(0),0(0),0(0),1(0)",23095,https://npb.jp/scores/2022/0406/h-b-02/
2022年4月6日（水）,神　宮,東京ヤクルトスワローズ,中日ドラゴンズ,2,1,7,5,1,0,0,0,"0(0),2(0),0(0),0(1),0(0),0(0),0(0),0(0),x(0)",18051,https://npb.jp/scores/2022/0406/s-d-02/
2022年4月6日（水）,甲子園,阪神タイガース,横浜DeNAベイスターズ,1,6,9,9,0,0,0,0,"0(0),0(0),0(0),0(0),1(0),0(0),0(0),0(0),0(1)",34125,https://npb.jp/scores/2022/0406/t-db-02/
2022年4月7日（木）,マツダスタジアム,広島東洋カープ,読売ジャイアンツ,9,2,10,9,0,2,0,0,"2(2),1(0),0(0),1(0),0(0),0(0),4(0),1(0),x(0)",22820,https://npb.jp/scores/2022/0407/c-g-03/
2022年4月7日（木）,PayPayドーム,福岡ソフトバンクホークス,オリックス・バファローズ,7,3,11,6,1,0,0,0,"0(0),0(0),1(0),0(0),0(0),4(2),2(1),0(0),x(0)",21949,https://npb.jp/scores/2022/0407/h-b-03/
2022年4月7日（木）,神　宮,東京ヤクルトスワローズ,中日ドラゴンズ,3,11,8,15,0,0,0,0,"1(0),0(2),0(0),0(1),2(1),0(3),0(0),0(4),0(0)",18036,https://npb.jp/scores/2022/0407/s-d-03/
2022年4月7日（木）,甲子園,阪神タイガース,横浜DeNAベイスターズ,,,,,,,0,0,"(),(),(),(),(),(),(),(),()",0,https://npb.jp/scores/2022/0407/t-db-03/
2022年4月8日（金）,横　浜,横浜DeNAベイスターズ,中日ドラゴンズ,,,,,,,0,0,"(),(),(),(),(),(),(),(),()",0,https://npb.jp/scores/2022/0408/db-d-04/
2022年4月8日（金）,札幌ドーム,北海道日本ハムファイターズ,東北楽天ゴールデンイーグルス,0,3,4,5,0,0,0,0,"0(0),0(0),0(1),0(2),0(0),0(0),0(0),0(0),0(0)",9854,https://npb.jp/scores/2022/0408/f-e-01/
2022年4月8日（金）,東京ドーム,読売ジャイアンツ,東京ヤクルトスワローズ,2,7,8,9,0,0,0,0,"0(0),0(1),0(0),0(1),0(3),0(0),2(0),0(0),0(2)",24136,https://npb.jp/scores/2022/0408/g-s-04/
2022年4月8日（金）,ベルーナドーム,埼玉西武ライオンズ,福岡ソフトバンクホークス,1,8,3,13,0,0,0,0,"0(0),0(0),1(1),0(4),0(0),0(0),0(0),0(0),0(3)",9502,https://npb.jp/scores/2022/0408/l-h-01/
2022年4月8日（金）,ZOZOマリン,千葉ロッテマリーンズ,オリックス・バファローズ,5,0,8,6,1,0,0,0,"0(0),0(0),0(0),0(0),0(0),0(0),2(0),3(0),x(0)",19436,https://npb.jp/scores/2022/0408/m-b-01/
2022年4月8日（金）,甲子園,阪神タイガース,広島東洋カープ,3,3,10,10,1,2,0,0,"0(1),0(1),0(0),1(1),1(0),1(0),0(0),0(0),0(0)",34502,https://npb.jp/scores/2022/0408/t-c-04/
2022年4月9日（土）,札幌ドーム,北海道日本ハムファイターズ,東北楽天ゴールデンイーグルス,5,8,11,13,0,0,0,0,"1(0),0(1),1(4),0(0),1(0),0(0),0(3),1(0),1(0)",13994,https://npb.jp/scores/2022/0409/f-e-02/
2022年4月9日（土）,東京ドーム,読売ジャイアンツ,東京ヤクルトスワローズ,3,2,9,6,1,0,0,0,"1(1),0(0),0(0),1(0),0(0),0(1),0(0),0(0),0(0)",31428,https://npb.jp/scores/2022/0409/g-s-05/
2022年4月9日（土）,ベルーナドーム,埼玉西武ライオンズ,福岡ソフトバンクホークス,0,0,4,6,0,0,0,0,"0(0),0(0),0(0),0(0),0(0),0(0),0(0),0(0),0(0)",15666,https://npb.jp/scores/2022/0409/l-h-02/
2022年4月9日（土）,ZOZOマリン,千葉ロッテマリーンズ,オリックス・バファローズ,2,4,10,7,1,1,0,0,"1(0),0(0),0(0),0(0),0(3),0(0),1(0),0(1),0(0)",20585,https://npb.jp/scores/2022/0409/m-b-02/
2022年4月9日（土）,甲子園,阪神タイガース,広島東洋カープ,1,9,7,13,2,0,0,0,"0(0),0(3),0(3),1(0),0(0),0(3),0(0),0(0),0(0)",38634,https://npb.jp/scores/2022/0409/t-c-05/
2022年4月10日（日）,札幌ドーム,北海道日本ハムファイターズ,東北楽天ゴールデンイーグルス,3,2,11,5,0,0,0,0,"0(0),0(0),0(0),1(0),0(0),1(0),0(2),0(0),0(0)",12141,https://npb.jp/scores/2022/0410/f-e-03/
2022年4月10日（日）,東京ドーム,読売ジャイアンツ,東京ヤクルトスワローズ,1,2,4,6,0,0,0,0,"0(0),1(0),0(0),0(1),0(0),0(0),0(1),0(0),0(0)",30502,https://npb.jp/scores/2022/0410/g-s-06/
2022年4月10日（日）,ベルーナドーム,埼玉西武ライオンズ,福岡ソフトバンクホークス,6,0,12,2,0,1,0,0,"1(0),1(0),0(0),0(0),3(0),1(0),0(0),0(0),x(0)",21115,https://npb.jp/scores/2022/0410/l-h-03/
2022年4月10日（日）,ZOZOマリン,千葉ロッテマリーンズ,オリックス・バファローズ,6,0,9,0,0,0,0,0,"1(0),0(0),0(0),0(0),0(0),5(0),0(0),0(0),x(0)",22431,https://npb.jp/scores/2022/0410/m-b-03/
2022年4月10日（日）,甲子園,阪神タイガース,広島東洋カープ,0,1,6,4,0,0,0,0,"0(0),0(1),0(0),0(0),0(0),0(0),0(0),0(0),0(0)",38051,https://npb.jp/scores/2022/0410/t-c-06/
2022年4月12日（火）,バンテリンドーム,中日ドラゴンズ,阪神タイガース,2,1,10,6,1,0,0,0,"0(0),0(0),0(0),0(0),0(0),0(1),0(0),2(0),x(0)",17033,https://npb.jp/scores/2022/0412/d-t-01/
2022年4月12日（火）,那　覇,読売ジャイアンツ,横浜DeNAベイスターズ,10,4,15,13,0,3,0,0,"1(0),1(0),4(2),4(0),0(1),0(0),0(0),0(0),x(1)",8992,https://npb.jp/scores/2022/0412/g-db-01/
2022年4月12日（火）,長　崎,福岡ソフトバンクホークス,千葉ロッテマリーンズ,0,3,4,4,1,2,0,0,"0(0),0(0),0(0),0(0),0(0),0(0),0(0),0(0),0(3)",16382,https://npb.jp/scores/2022/0412/h-m-04/
2022年4月12日（火）,ベルーナドーム,埼玉西武ライオンズ,北海道日本ハムファイターズ,0,3,4,8,0,0,0,0,"0(1),0(0),0(0),0(1),0(0),0(0),0(0),0(0),0(1)",10349,https://npb.jp/scores/2022/0412/l-f-04/
2022年4月12日（火）,松　山,東京ヤクルトスワローズ,広島東洋カープ,3,1,5,7,0,0,0,0,"0(0),0(0),0(0),1(0),0(0),0(1),0(0),2(0),x(0)",11891,https://npb.jp/scores/2022/0412/s-c-01/
2022年4月13日（水）,バンテリンドーム,中日ドラゴンズ,阪神タイガース,1,0,6,3,2,0,0,0,"0(0),0(0),0(0),0(0),0(0),0(0),0(0),0(0),0(0)",16872,https://npb.jp/scores/2022/0413/d-t-02/
2022年4月13日（水）,那　覇,読売ジャイアンツ,横浜DeNAベイスターズ,4,3,10,8,1,0,0,0,"0(1),0(0),3(0),1(1),0(0),0(1),0(0),0(0),x(0)",9260,https://npb.jp/scores/2022/0413/g-db-02/
2022年4月13日（水）,ベルーナドーム,埼玉西武ライオンズ,北海道日本ハムファイターズ,4,3,7,6,1,0,0,0,"2(0),0(0),2(0),0(0),0(2),0(0),0(1),0(0),x(0)",10179,https://npb.jp/scores/2022/0413/l-f-05/
2022年4月13日（水）,松　山,東京ヤクルトスワローズ,広島東洋カープ,1,5,7,10,3,0,0,0,"0(0),0(3),0(0),0(1),0(0),1(0),0(1),0(0),0(0)",11535,https://npb.jp/scores/2022/0413/s-c-02/
2022年4月14日（木）,バンテリンドーム,中日ドラゴンズ,阪神タイガース,4,1,12,7,0,0,0,0,"2(0),0(0),2(0),0(0),0(0),0(0),0(0),0(0),x(1)",16836,https://npb.jp/scores/2022/0414/d-t-03/
2022年4月14日（木）,PayPayドーム,福岡ソフトバンクホークス,千葉ロッテマリーンズ,4,0,7,4,0,0,0,0,"2(0),0(0),0(0),0(0),0(0),0(0),0(0),2(0),x(0)",26806,https://npb.jp/scores/2022/0414/h-m-05/
2022年4月15日（金）,京セラD大阪,オリックス・バファローズ,埼玉西武ライオンズ,1,6,5,7,1,1,0,0,"0(0),0(0),0(0),1(0),0(4),0(0),0(0),0(2),0(0)",14503,https://npb.jp/scores/2022/0415/b-l-04/
2022年4月15日（金）,横　浜,横浜DeNAベイスターズ,東京ヤクルトスワローズ,2,3,8,8,0,0,0,0,"0(0),0(0),0(1),0(2),0(0),2(0),0(0),0(0),0(0)",19677,https://npb.jp/scores/2022/0415/db-s-03/
2022年4月15日（金）,ZOZOマリン,千葉ロッテマリーンズ,北海道日本ハムファイターズ,,,,,,,0,0,"(),(),(),(),(),(),(),(),()",0,https://npb.jp/scores/2022/0415/m-f-03/
2022年4月15日（金）,甲子園,阪神タイガース,読売ジャイアンツ,4,1,7,8,0,3,0,0,"0(1),0(0),0(0),0(0),2(0),0(0),0(0),2(0),x(0)",34153,https://npb.jp/scores/2022/0415/t-g-04/
2022年4月16日（土）,京セラD大阪,オリックス・バファローズ,埼玉西武ライオンズ,3,0,6,7,0,0,0,0,"0(0),0(0),0(0),0(0),3(0),0(0),0(0),0(0),x(0)",15097,https://npb.jp/scores/2022/0416/b-l-05/
2022年4月16日（土）,マツダスタジアム,広島東洋カープ,中日ドラゴンズ,3,2,8,4,1,2,0,0,"0(0),0(2),3(0),0(0),0(0),0(0),0(0),0(0),x(0)",30022,https://npb.jp/scores/2022/0416/c-d-04/
2022年4月16日（土）,横　浜,横浜DeNAベイスターズ,東京ヤクルトスワローズ,6,0,14,5,0,0,0,0,"2(0),0(0),2(0),0(0),0(0),2(0),0(0),0(0),x(0)",23316,https://npb.jp/scores/2022/0416/db-s-04/
2022年4月16日（土）,北九州,福岡ソフトバンクホークス,東北楽天ゴールデンイーグルス,5,6,12,8,1,0,0,0,"0(1),3(1),0(0),0(0),1(2),0(0),0(0),1(0),0(2)",18709,https://npb.jp/scores/2022/0416/h-e-02/
2022年4月16日（土）,ZOZOマリン,千葉ロッテマリーンズ,北海道日本ハムファイターズ,4,11,9,17,2,2,0,0,"1(0),0(0),0(1),0(1),2(4),0(1),0(4),0(0),1(0)",22230,https://npb.jp/scores/2022/0416/m-f-03/
2022年4月16日（土）,甲子園,阪神タイガース,読売ジャイアンツ,2,1,5,5,1,2,0,0,"0(0),0(0),1(0),1(0),0(0),0(1),0(0),0(0),x(0)",40354,https://npb.jp/scores/2022/0416/t-g-05/
2022年4月17日（日）,京セラD大阪,オリックス・バファローズ,埼玉西武ライオンズ,4,3,7,7,0,1,0,0,"0(1),0(0),0(0),2(1),1(0),1(0),0(1),0(0),x(0)",14683,https://npb.jp/scores/2022/0417/b-l-06/
2022年4月17日（日）,マツダスタジアム,広島東洋カープ,中日ドラゴンズ,4,10,13,18,0,0,0,0,"0(4),0(4),0(0),1(0),2(0),0(0),1(0),0(2),0(0)",29729,https://npb.jp/scores/2022/0417/c-d-05/
2022年4月17日（日）,横　浜,横浜DeNAベイスターズ,東京ヤクルトスワローズ,4,5,9,9,0,1,0,0,"0(0),0(0),1(0),3(0),0(0),0(2),0(0),0(2),0(1)",21772,https://npb.jp/scores/2022/0417/db-s-05/
2022年4月17日（日）,鹿児島,福岡ソフトバンクホークス,東北楽天ゴールデンイーグルス,4,14,10,17,0,1,0,0,"0(1),0(0),2(0),0(7),1(0),0(2),0(4),1(0),0(0)",17796,https://npb.jp/scores/2022/0417/h-e-03/
2022年4月17日（日）,ZOZOマリン,千葉ロッテマリーンズ,北海道日本ハムファイターズ,0,1,6,1,0,0,0,0,"0(0),0(0),0(0),0(0),0(0),0(0),0(0),0(0),0(0)",29426,https://npb.jp/scores/2022/0417/m-f-04/
2022年4月17日（日）,甲子園,阪神タイガース,読売ジャイアンツ,1,3,8,5,1,0,0,0,"0(0),1(0),0(0),0(3),0(0),0(0),0(0),0(0),0(0)",41175,https://npb.jp/scores/2022/0417/t-g-06/
2022年4月19日（火）,京セラD大阪,オリックス・バファローズ,福岡ソフトバンクホークス,0,3,3,8,2,0,0,0,"0(0),0(0),0(0),0(0),0(0),0(2),0(0),0(0),0(1)",16000,https://npb.jp/scores/2022/0419/b-h-04/
2022年4月19日（火）,バンテリンドーム,中日ドラゴンズ,東京ヤクルトスワローズ,4,12,7,16,1,0,0,0,"0(2),0(0),0(1),2(3),0(3),0(0),2(0),0(3),0(0)",18190,https://npb.jp/scores/2022/0419/d-s-04/
2022年4月19日（火）,横　浜,横浜DeNAベイスターズ,阪神タイガース,5,4,10,6,0,0,0,0,"0(3),2(1),0(0),2(0),1(0),0(0),0(0),0(0),x(0)",17596,https://npb.jp/scores/2022/0419/db-t-03/
2022年4月19日（火）,楽天生命パーク,東北楽天ゴールデンイーグルス,北海道日本ハムファイターズ,0,2,3,6,0,0,0,0,"0(0),0(2),0(0),0(0),0(0),0(0),0(0),0(0),0(0)",15119,https://npb.jp/scores/2022/0419/e-f-04/
2022年4月19日（火）,東京ドーム,読売ジャイアンツ,広島東洋カープ,3,1,9,7,0,1,0,0,"0(0),0(0),1(0),0(0),2(0),0(0),0(0),0(1),x(0)",24554,https://npb.jp/scores/2022/0419/g-c-04/
2022年4月19日（火）,ベルーナドーム,埼玉西武ライオンズ,千葉ロッテマリーンズ,4,0,7,1,1,0,0,0,"0(0),3(0),0(0),0(0),0(0),1(0),0(0),0(0),x(0)",7241,https://npb.jp/scores/2022/0419/l-m-04/
2022年4月20日（水）,京セラD大阪,オリックス・バファローズ,福岡ソフトバンクホークス,3,2,7,6,0,1,0,0,"0(1),0(0),0(0),0(0),3(0),0(0),0(0),0(1),x(0)",15897,https://npb.jp/scores/2022/0420/b-h-05/
2022年4月20日（水）,バンテリンドーム,中日ドラゴンズ,東京ヤクルトスワローズ,4,1,12,6,0,1,0,0,"0(0),2(0),0(0),1(0),0(0),0(1),1(0),0(0),x(0)",17079,https://npb.jp/scores/2022/0420/d-s-05/
2022年4月20日（水）,横　浜,横浜DeNAベイスターズ,阪神タイガース,1,0,4,7,0,0,0,0,"0(0),0(0),0(0),0(0),0(0),0(0),0(0),0(0),0(0)",19143,https://npb.jp/scores/2022/0420/db-t-04/
2022年4月20日（水）,楽天生命パーク,東北楽天ゴールデンイーグルス,北海道日本ハムファイターズ,4,2,8,5,0,1,0,0,"2(0),0(0),0(0),0(0),2(0),0(0),0(0),0(0),x(2)",14453,https://npb.jp/scores/2022/0420/e-f-05/
2022年4月20日（水）,東京ドーム,読売ジャイアンツ,広島東洋カープ,5,3,8,6,0,0,0,0,"0(0),0(0),0(0),0(0),0(2),2(1),0(0),3(0),x(0)",24580,https://npb.jp/scores/2022/0420/g-c-05/
2022年4月20日（水）,ベルーナドーム,埼玉西武ライオンズ,千葉ロッテマリーンズ,3,0,4,1,0,1,0,0,"0(0),0(0),0(0),0(0),0(0),0(0),1(0),2(0),x(0)",7261,https://npb.jp/scores/2022/0420/l-m-05/
2022年4月21日（木）,京セラD大阪,オリックス・バファローズ,福岡ソフトバンクホークス,3,2,7,11,1,0,0,0,"0(0),0(0),0(0),0(0),0(2),0(0),0(0),0(0),2(0)",15356,https://npb.jp/scores/2022/0421/b-h-06/
2022年4月21日（木）,横　浜,横浜DeNAベイスターズ,阪神タイガース,7,5,13,6,0,0,0,0,"0(0),0(0),3(1),1(4),3(0),0x(0),(),(),()",16995,https://npb.jp/scores/2022/0421/db-t-05/
2022年4月21日（木）,楽天生命パーク,東北楽天ゴールデンイーグルス,北海道日本ハムファイターズ,8,5,11,8,0,0,0,0,"0(0),0(0),6(2),0(2),0(1),0(0),2(0),0(0),x(0)",15131,https://npb.jp/scores/2022/0421/e-f-06/
2022年4月21日（木）,東京ドーム,読売ジャイアンツ,広島東洋カープ,8,4,10,7,1,1,0,0,"0(0),3(2),0(0),3(2),0(0),2(0),0(0),0(0),x(0)",24049,https://npb.jp/scores/2022/0421/g-c-06/
2022年4月22日（金）,京セラD大阪,オリックス・バファローズ,千葉ロッテマリーンズ,0,4,6,9,1,0,0,0,"0(0),0(1),0(0),0(2),0(0),0(0),0(0),0(1),0(0)",15388,https://npb.jp/scores/2022/0422/b-m-04/
2022年4月22日（金）,マツダスタジアム,広島東洋カープ,横浜DeNAベイスターズ,6,1,12,8,1,1,0,0,"4(0),0(0),0(0),0(0),0(0),2(0),0(0),0(0),x(1)",24500,https://npb.jp/scores/2022/0422/c-db-04/
2022年4月22日（金）,バンテリンドーム,中日ドラゴンズ,読売ジャイアンツ,2,7,10,13,2,0,0,0,"0(1),1(0),0(0),0(1),0(0),0(4),0(1),1(0),0(0)",19969,https://npb.jp/scores/2022/0422/d-g-04/
2022年4月22日（金）,札幌ドーム,北海道日本ハムファイターズ,福岡ソフトバンクホークス,12,5,13,17,0,0,0,0,"4(0),3(0),0(2),2(0),0(0),3(1),0(1),0(1),x(0)",12353,https://npb.jp/scores/2022/0422/f-h-04/
2022年4月22日（金）,ベルーナドーム,埼玉西武ライオンズ,東北楽天ゴールデンイーグルス,3,0,6,4,0,0,0,0,"0(0),0(0),0(0),1(0),0(0),0(0),0(0),2(0),x(0)",10224,https://npb.jp/scores/2022/0422/l-e-03/
2022年4月22日（金）,神　宮,東京ヤクルトスワローズ,阪神タイガース,0,6,3,10,0,0,0,0,"0(2),0(0),0(0),0(0),0(0),0(0),0(4),0(0),0(0)",20207,https://npb.jp/scores/2022/0422/s-t-04/
2022年4月23日（土）,京セラD大阪,オリックス・バファローズ,千葉ロッテマリーンズ,3,2,10,6,0,2,0,0,"1(0),0(0),0(0),0(1),0(0),0(0),0(0),0(0),0(0)",14660,https://npb.jp/scores/2022/0423/b-m-05/
2022年4月23日（土）,マツダスタジアム,広島東洋カープ,横浜DeNAベイスターズ,6,0,9,8,0,1,0,0,"0(0),0(0),2(0),0(0),0(0),4(0),0(0),0(0),x(0)",29818,https://npb.jp/scores/2022/0423/c-db-05/
2022年4月23日（土）,バンテリンドーム,中日ドラゴンズ,読売ジャイアンツ,0,3,2,7,0,0,0,0,"0(0),0(0),0(0),0(0),0(0),0(1),0(0),0(0),0(2)",30650,https://npb.jp/scores/2022/0423/d-g-05/
2022年4月23日（土）,札幌ドーム,北海道日本ハムファイターズ,福岡ソフトバンクホークス,3,9,9,10,0,0,0,0,"1(0),1(4),1(3),0(0),0(0),0(0),0(0),0(2),0(0)",15115,https://npb.jp/scores/2022/0423/f-h-05/
2022年4月23日（土）,ベルーナドーム,埼玉西武ライオンズ,東北楽天ゴールデンイーグルス,3,7,6,10,1,0,0,0,"0(0),2(0),0(0),0(5),0(0),0(0),1(0),0(1),0(1)",26257,https://npb.jp/scores/2022/0423/l-e-04/
2022年4月23日（土）,神　宮,東京ヤクルトスワローズ,阪神タイガース,1,0,3,4,0,0,0,0,"0(0),0(0),0(0),1(0),0(0),0(0),0(0),0(0),x(0)",26197,https://npb.jp/scores/2022/0423/s-t-05/
2022年4月24日（日）,京セラD大阪,オリックス・バファローズ,千葉ロッテマリーンズ,3,6,10,9,1,1,0,0,"0(0),0(3),0(0),0(0),2(0),0(0),0(0),0(0),1(3)",28967,https://npb.jp/scores/2022/0424/b-m-06/
2022年4月24日（日）,マツダスタジアム,広島東洋カープ,横浜DeNAベイスターズ,5,4,8,9,0,1,0,0,"0(0),0(0),0(2),1(0),0(0),2(1),0(0),0(0),0(0)",28871,https://npb.jp/scores/2022/0424/c-db-06/
2022年4月24日（日）,バンテリンドーム,中日ドラゴンズ,読売ジャイアンツ,7,6,10,8,0,0,0,0,"1(0),0(4),5(2),1(0),0(0),0(0),0(0),0(0),x(0)",30507,https://npb.jp/scores/2022/0424/d-g-06/
2022年4月24日（日）,札幌ドーム,北海道日本ハムファイターズ,福岡ソフトバンクホークス,4,11,10,12,3,0,0,0,"0(0),0(0),0(2),1(3),0(3),1(1),0(0),2(2),0(0)",12853,https://npb.jp/scores/2022/0424/f-h-06/
2022年4月24日（日）,ベルーナドーム,埼玉西武ライオンズ,東北楽天ゴールデンイーグルス,6,3,12,10,0,0,0,0,"0(0),4(0),0(1),0(1),0(0),1(0),0(0),1(0),x(1)",14901,https://npb.jp/scores/2022/0424/l-e-05/
2022年4月24日（日）,神　宮,東京ヤクルトスワローズ,阪神タイガース,3,11,7,16,3,1,0,0,"0(4),0(0),0(2),2(0),0(0),0(1),0(2),1(2),0(0)",16091,https://npb.jp/scores/2022/0424/s-t-06/
2022年4月26日（火）,マツダスタジアム,広島東洋カープ,東京ヤクルトスワローズ,,,,,,,0,0,"(),(),(),(),(),(),(),(),()",0,https://npb.jp/scores/2022/0426/c-s-03/
2022年4月26日（火）,横　浜,横浜DeNAベイスターズ,読売ジャイアンツ,6,4,8,8,1,0,0,0,"0(2),0(0),0(0),0(0),5(0),0(2),1(0),0(0),x(0)",18940,https://npb.jp/scores/2022/0426/db-g-03/
2022年4月26日（火）,東京ドーム,北海道日本ハムファイターズ,オリックス・バファローズ,2,3,8,10,1,1,0,0,"0(0),0(0),0(0),2(0),0(0),0(0),0(0),0(2),0(0)",21552,https://npb.jp/scores/2022/0426/f-b-04/
2022年4月26日（火）,PayPayドーム,福岡ソフトバンクホークス,埼玉西武ライオンズ,3,0,7,6,0,0,0,0,"0(0),1(0),0(0),0(0),0(0),0(0),2(0),0(0),x(0)",26041,https://npb.jp/scores/2022/0426/h-l-04/
2022年4月26日（火）,ZOZOマリン,千葉ロッテマリーンズ,東北楽天ゴールデンイーグルス,2,3,7,8,1,0,0,0,"0(1),0(0),0(0),1(0),0(1),0(0),0(0),1(0),0(0)",15524,https://npb.jp/scores/2022/0426/m-e-03/
2022年4月26日（火）,甲子園,阪神タイガース,中日ドラゴンズ,,,,,,,0,0,"(),(),(),(),(),(),(),(),()",0,https://npb.jp/scores/2022/0426/t-d-04/
2022年4月27日（水）,マツダスタジアム,広島東洋カープ,東京ヤクルトスワローズ,2,8,7,14,0,0,0,0,"0(1),0(3),0(0),0(2),0(0),1(1),0(0),1(1),0(0)",23606,https://npb.jp/scores/2022/0427/c-s-03/
2022年4月27日（水）,横　浜,横浜DeNAベイスターズ,読売ジャイアンツ,2,8,3,8,0,1,0,0,"0(0),0(0),0(0),0(4),0(2),0(0),0(0),0(0),2(2)",19862,https://npb.jp/scores/2022/0427/db-g-04/
2022年4月27日（水）,東京ドーム,北海道日本ハムファイターズ,オリックス・バファローズ,2,4,8,9,1,3,0,0,"0(2),0(0),2(0),0(0),0(0),0(0),0(0),0(0),0(2)",15329,https://npb.jp/scores/2022/0427/f-b-05/
2022年4月27日（水）,PayPayドーム,福岡ソフトバンクホークス,埼玉西武ライオンズ,2,8,10,11,0,0,0,0,"0(3),0(1),1(0),0(2),0(0),0(0),0(1),1(0),0(1)",27526,https://npb.jp/scores/2022/0427/h-l-05/
2022年4月27日（水）,ZOZOマリン,千葉ロッテマリーンズ,東北楽天ゴールデンイーグルス,3,3,7,6,0,0,0,0,"0(1),0(0),3(0),0(0),0(0),0(0),0(2),0(0),0(0)",13258,https://npb.jp/scores/2022/0427/m-e-04/
2022年4月27日（水）,甲子園,阪神タイガース,中日ドラゴンズ,3,1,8,9,0,2,0,0,"0(1),1(0),1(0),0(0),1(0),0(0),0(0),0(0),x(0)",31726,https://npb.jp/scores/2022/0427/t-d-04/
2022年4月28日（木）,マツダスタジアム,広島東洋カープ,東京ヤクルトスワローズ,5,9,7,8,1,0,0,0,"0(0),0(0),0(0),2(0),0(0),0(0),0(0),3(9),0(0)",24394,https://npb.jp/scores/2022/0428/c-s-04/
2022年4月28日（木）,横　浜,横浜DeNAベイスターズ,読売ジャイアンツ,0,7,4,11,0,0,0,0,"0(2),0(1),0(0),0(1),0(0),0(3),0(0),0(0),0(0)",26021,https://npb.jp/scores/2022/0428/db-g-05/
2022年4月28日（木）,東京ドーム,北海道日本ハムファイターズ,オリックス・バファローズ,6,2,12,7,0,0,0,0,"2(0),1(0),2(0),0(0),1(0),0(0),0(0),0(2),x(0)",21014,https://npb.jp/scores/2022/0428/f-b-06/
2022年4月28日（木）,PayPayドーム,福岡ソフトバンクホークス,埼玉西武ライオンズ,2,4,10,6,0,0,0,0,"0(3),1(0),1(0),0(0),0(1),0(0),0(0),0(0),0(0)",30505,https://npb.jp/scores/2022/0428/h-l-06/
2022年4月28日（木）,ZOZOマリン,千葉ロッテマリーンズ,東北楽天ゴールデンイーグルス,1,2,6,10,0,0,0,0,"0(1),0(0),0(0),0(0),0(0),0(0),1(1),0(0),0(0)",17531,https://npb.jp/scores/2022/0428/m-e-05/
2022年4月28日（木）,甲子園,阪神タイガース,中日ドラゴンズ,3,2,8,8,0,0,0,0,"0(0),0(2),0(0),3(0),0(0),0(0),0(0),0(0),x(0)",35221,https://npb.jp/scores/2022/0428/t-d-05/
2022年4月29日（金）,京セラD大阪,オリックス・バファローズ,埼玉西武ライオンズ,1,0,4,7,0,0,0,0,"0(0),0(0),0(0),0(0),0(0),0(0),0(0),0(0),1x(0)",17476,https://npb.jp/scores/2022/0429/b-l-07/
2022年4月29日（金）,バンテリンドーム,中日ドラゴンズ,広島東洋カープ,0,1,2,7,0,0,0,0,"0(0),0(0),0(0),0(0),0(1),0(0),0(0),0(0),0(0)",24650,https://npb.jp/scores/2022/0429/d-c-06/
2022年4月29日（金）,楽天生命パーク,東北楽天ゴールデンイーグルス,福岡ソフトバンクホークス,,,,,,,0,0,"(),(),(),(),(),(),(),(),()",0,https://npb.jp/scores/2022/0429/e-h-04/
2022年4月29日（金）,東京ドーム,読売ジャイアンツ,阪神タイガース,2,3,6,5,1,1,0,0,"0(0),0(0),0(2),0(0),1(0),0(0),0(0),0(1),1(0)",39292,https://npb.jp/scores/2022/0429/g-t-07/
2022年4月29日（金）,ZOZOマリン,千葉ロッテマリーンズ,北海道日本ハムファイターズ,,,,,,,0,0,"(),(),(),(),(),(),(),(),()",0,https://npb.jp/scores/2022/0429/m-f-05/
2022年4月29日（金）,神　宮,東京ヤクルトスワローズ,横浜DeNAベイスターズ,,,,,,,0,0,"(),(),(),(),(),(),(),(),()",0,https://npb.jp/scores/2022/0429/s-db-06/
2022年4月30日（土）,京セラD大阪,オリックス・バファローズ,埼玉西武ライオンズ,3,2,7,9,0,2,0,0,"1(1),0(0),0(0),0(0),0(0),1(0),0(1),1(0),x(0)",17664,https://npb.jp/scores/2022/0430/b-l-08/
2022年4月30日（土）,バンテリンドーム,中日ドラゴンズ,広島東洋カープ,4,2,11,8,1,0,0,0,"0(0),0(0),0(0),1(0),1(0),0(0),0(0),2(2),x(0)",28349,https://npb.jp/scores/2022/0430/d-c-07/
2022年4月30日（土）,楽天生命パーク,東北楽天ゴールデンイーグルス,福岡ソフトバンクホークス,7,6,8,14,2,2,0,0,"0(2),0(0),0(0),0(0),2(1),0(2),0(0),0(0),4(1)",25602,https://npb.jp/scores/2022/0430/e-h-04/
2022年4月30日（土）,東京ドーム,読売ジャイアンツ,阪神タイガース,3,10,8,7,1,1,0,0,"0(0),2(0),0(0),0(1),0(0),0(1),1(6),0(2),0(0)",40024,https://npb.jp/scores/2022/0430/g-t-08/
2022年4月30日（土）,ZOZOマリン,千葉ロッテマリーンズ,北海道日本ハムファイターズ,7,3,12,8,1,0,0,0,"1(0),0(3),1(0),0(0),3(0),0(0),0(0),2(0),x(0)",20345,https://npb.jp/scores/2022/0430/m-f-05/
2022年4月30日（土）,神　宮,東京ヤクルトスワローズ,横浜DeNAベイスターズ,2,0,5,6,1,0,0,0,"0(0),0(0),1(0),0(0),0(0),1(0),0(0),0(0),x(0)",23907,https://npb.jp/scores/2022/0430/s-db-06/
2022年5月1日（日）,京セラD大阪,オリックス・バファローズ,埼玉西武ライオンズ,1,2,9,8,0,0,0,0,"0(0),1(1),0(0),0(0),0(0),0(0),0(0),0(0),0(1)",19468,https://npb.jp/scores/2022/0501/b-l-09/
2022年5月1日（日）,バンテリンドーム,中日ドラゴンズ,広島東洋カープ,4,0,9,5,1,1,0,0,"0(0),0(0),2(0),0(0),0(0),1(0),0(0),1(0),x(0)",31320,https://npb.jp/scores/2022/0501/d-c-08/
2022年5月1日（日）,楽天生命パーク,東北楽天ゴールデンイーグルス,福岡ソフトバンクホークス,2,1,5,9,0,1,0,0,"0(0),0(0),1(0),1(0),0(1),0x(0),(),(),()",24250,https://npb.jp/scores/2022/0501/e-h-05/
2022年5月1日（日）,東京ドーム,読売ジャイアンツ,阪神タイガース,1,8,4,15,0,0,0,0,"0(0),1(0),0(0),0(0),0(0),0(2),0(0),0(4),0(2)",40128,https://npb.jp/scores/2022/0501/g-t-09/
2022年5月1日（日）,ZOZOマリン,千葉ロッテマリーンズ,北海道日本ハムファイターズ,3,9,8,11,2,0,0,0,"0(0),0(0),0(0),0(9),0(0),3(0),0(0),0(0),0(0)",28485,https://npb.jp/scores/2022/0501/m-f-06/
2022年5月1日（日）,神　宮,東京ヤクルトスワローズ,横浜DeNAベイスターズ,,,,,,,0,0,"(),(),(),(),(),(),(),(),()",0,https://npb.jp/scores/2022/0501/s-db-07/
2022年5月3日（火）,マツダスタジアム,広島東洋カープ,読売ジャイアンツ,12,3,13,9,0,4,0,0,"6(0),3(0),0(1),3(0),0(0),0(0),0(0),0(2),x(0)",30580,https://npb.jp/scores/2022/0503/c-g-07/
2022年5月3日（火）,横　浜,横浜DeNAベイスターズ,中日ドラゴンズ,3,7,6,11,3,0,0,0,"0(0),2(0),0(3),0(0),0(1),1(0),0(0),0(3),0(0)",31614,https://npb.jp/scores/2022/0503/db-d-04/
2022年5月3日（火）,札幌ドーム,北海道日本ハムファイターズ,東北楽天ゴールデンイーグルス,1,2,6,6,0,0,0,0,"0(0),0(2),0(0),0(0),0(0),0(0),0(0),0(0),1(0)",20087,https://npb.jp/scores/2022/0503/f-e-07/
2022年5月3日（火）,PayPayドーム,福岡ソフトバンクホークス,オリックス・バファローズ,7,3,11,7,2,1,0,0,"0(0),0(0),1(0),2(1),0(2),4(0),0(0),0(0),x(0)",33102,https://npb.jp/scores/2022/0503/h-b-07/
2022年5月3日（火）,ベルーナドーム,埼玉西武ライオンズ,千葉ロッテマリーンズ,4,2,9,8,1,0,0,0,"0(0),0(0),3(1),0(1),0(0),0(0),0(0),1(0),x(0)",21592,https://npb.jp/scores/2022/0503/l-m-06/
2022年5月3日（火）,甲子園,阪神タイガース,東京ヤクルトスワローズ,0,3,6,4,1,0,0,0,"0(2),0(1),0(0),0(0),0(0),0(0),0(0),0(0),0(0)",42483,https://npb.jp/scores/2022/0503/t-s-07/
2022年5月4日（水）,マツダスタジアム,広島東洋カープ,読売ジャイアンツ,3,6,8,10,0,1,0,0,"0(0),0(0),0(0),0(0),3(0),0(3),0(1),0(2),0(0)",30534,https://npb.jp/scores/2022/0504/c-g-08/
2022年5月4日（水）,横　浜,横浜DeNAベイスターズ,中日ドラゴンズ,7,1,11,5,0,0,0,0,"0(0),0(0),0(0),2(0),1(0),0(0),4(1),0(0),x(0)",29300,https://npb.jp/scores/2022/0504/db-d-05/
2022年5月4日（水）,札幌ドーム,北海道日本ハムファイターズ,東北楽天ゴールデンイーグルス,1,5,5,12,1,0,0,0,"0(0),0(0),0(4),0(0),0(0),0(0),1(0),0(0),0(1)",20184,https://npb.jp/scores/2022/0504/f-e-08/
2022年5月4日（水）,PayPayドーム,福岡ソフトバンクホークス,オリックス・バファローズ,2,1,13,5,0,0,0,0,"1(0),0(1),0(0),0(0),0(0),0(0),1(0),0(0),x(0)",31736,https://npb.jp/scores/2022/0504/h-b-08/
2022年5月4日（水）,ベルーナドーム,埼玉西武ライオンズ,千葉ロッテマリーンズ,5,7,10,9,1,0,0,0,"0(5),0(0),0(2),0(0),4(0),0(0),0(0),0(0),1(0)",19827,https://npb.jp/scores/2022/0504/l-m-07/
2022年5月4日（水）,甲子園,阪神タイガース,東京ヤクルトスワローズ,0,3,6,6,1,1,0,0,"0(0),0(0),0(1),0(0),0(0),0(2),0(0),0(0),0(0)",42435,https://npb.jp/scores/2022/0504/t-s-08/
2022年5月5日（木）,マツダスタジアム,広島東洋カープ,読売ジャイアンツ,3,0,7,1,0,1,0,0,"0(0),0(0),0(0),0(0),1(0),1(0),0(0),1(0),x(0)",30578,https://npb.jp/scores/2022/0505/c-g-09/
2022年5月5日（木）,横　浜,横浜DeNAベイスターズ,中日ドラゴンズ,10,2,13,8,0,1,0,0,"3(0),0(0),0(0),2(1),2(0),0(0),0(0),3(0),x(1)",25593,https://npb.jp/scores/2022/0505/db-d-06/
2022年5月5日（木）,札幌ドーム,北海道日本ハムファイターズ,東北楽天ゴールデンイーグルス,4,8,7,12,2,0,0,0,"2(0),1(1),0(0),1(3),0(0),0(2),0(1),0(0),0(1)",16420,https://npb.jp/scores/2022/0505/f-e-09/
2022年5月5日（木）,PayPayドーム,福岡ソフトバンクホークス,オリックス・バファローズ,9,3,9,6,1,2,0,0,"0(0),0(0),1(0),0(1),0(0),2(0),6(0),0(0),x(2)",30254,https://npb.jp/scores/2022/0505/h-b-09/
2022年5月5日（木）,ベルーナドーム,埼玉西武ライオンズ,千葉ロッテマリーンズ,7,0,9,4,0,1,0,0,"0(0),0(0),1(0),0(0),0(0),3(0),0(0),3(0),x(0)",23646,https://npb.jp/scores/2022/0505/l-m-08/
2022年5月5日（木）,甲子園,阪神タイガース,東京ヤクルトスワローズ,3,2,9,7,1,0,0,0,"0(1),0(0),1(1),0(0),1(0),0(0),0(0),0(0),1x(0)",42417,https://npb.jp/scores/2022/0505/t-s-09/
2022年5月6日（金）,京セラD大阪,オリックス・バファローズ,東北楽天ゴールデンイーグルス,2,3,8,5,0,0,0,0,"2(1),0(0),0(0),0(0),0(0),0(0),0(0),0(1),0(1)",16430,https://npb.jp/scores/2022/0506/b-e-04/
2022年5月6日（金）,マツダスタジアム,広島東洋カープ,横浜DeNAベイスターズ,3,4,10,11,0,1,0,0,"2(3),0(0),1(0),0(0),0(0),0(0),0(0),0(0),0(0)",27686,https://npb.jp/scores/2022/0506/c-db-07/
2022年5月6日（金）,バンテリンドーム,中日ドラゴンズ,阪神タイガース,1,0,5,1,0,0,0,0,"0(0),0(0),0(0),0(0),0(0),0(0),0(0),0(0),0(0)",25397,https://npb.jp/scores/2022/0506/d-t-06/
2022年5月6日（金）,東京ドーム,読売ジャイアンツ,東京ヤクルトスワローズ,2,13,8,18,1,0,0,0,"1(0),0(1),1(4),0(0),0(1),0(1),0(1),0(3),0(2)",31336,https://npb.jp/scores/2022/0506/g-s-07/
2022年5月6日（金）,ベルーナドーム,埼玉西武ライオンズ,北海道日本ハムファイターズ,5,0,8,4,3,0,0,0,"0(0),0(0),0(0),0(0),0(0),2(0),1(0),2(0),x(0)",15668,https://npb.jp/scores/2022/0506/l-f-06/
2022年5月6日（金）,ZOZOマリン,千葉ロッテマリーンズ,福岡ソフトバンクホークス,3,5,10,14,0,2,0,0,"0(0),0(0),0(0),0(1),3(0),0(0),0(0),0(0),0(2)",29340,https://npb.jp/scores/2022/0506/m-h-06/
2022年5月7日（土）,京セラD大阪,オリックス・バファローズ,東北楽天ゴールデンイーグルス,1,7,7,16,0,0,0,0,"0(0),0(1),0(1),1(0),0(0),0(1),0(2),0(2),0(0)",18340,https://npb.jp/scores/2022/0507/b-e-05/
2022年5月7日（土）,マツダスタジアム,広島東洋カープ,横浜DeNAベイスターズ,2,1,7,5,0,1,0,0,"0(0),0(0),0(0),0(0),0(1),0(0),1(0),0(0),0(0)",30480,https://npb.jp/scores/2022/0507/c-db-08/
2022年5月7日（土）,バンテリンドーム,中日ドラゴンズ,阪神タイガース,2,1,6,5,0,0,0,0,"1(0),0(1),1(0),0(0),0(0),0(0),0(0),0(0),x(0)",36177,https://npb.jp/scores/2022/0507/d-t-07/
2022年5月7日（土）,東京ドーム,読売ジャイアンツ,東京ヤクルトスワローズ,2,6,7,6,1,0,0,0,"0(2),0(0),0(4),0(0),2(0),0(0),0(0),0(0),0(0)",37891,https://npb.jp/scores/2022/0507/g-s-08/
2022年5月7日（土）,ベルーナドーム,埼玉西武ライオンズ,北海道日本ハムファイターズ,2,3,4,7,2,0,0,0,"0(0),0(0),1(0),1(0),0(1),0(2),0(0),0(0),0(0)",21577,https://npb.jp/scores/2022/0507/l-f-07/
2022年5月7日（土）,ZOZOマリン,千葉ロッテマリーンズ,福岡ソフトバンクホークス,0,16,3,20,1,0,0,0,"0(1),0(1),0(3),0(0),0(1),0(0),0(0),0(2),0(8)",27296,https://npb.jp/scores/2022/0507/m-h-07/
2022年5月8日（日）,京セラD大阪,オリックス・バファローズ,東北楽天ゴールデンイーグルス,1,2,4,9,1,1,0,0,"0(0),1(0),0(1),0(0),0(0),0(0),0(0),0(0),0(0)",16296,https://npb.jp/scores/2022/0508/b-e-06/
2022年5月8日（日）,マツダスタジアム,広島東洋カープ,横浜DeNAベイスターズ,17,3,21,7,2,0,0,0,"3(0),0(0),4(0),6(0),2(0),1(2),1(0),0(1),x(0)",29575,https://npb.jp/scores/2022/0508/c-db-09/
2022年5月8日（日）,バンテリンドーム,中日ドラゴンズ,阪神タイガース,3,4,7,7,1,1,0,0,"0(0),0(0),0(1),0(0),2(0),1(0),0(2),0(1),0(0)",29772,https://npb.jp/scores/2022/0508/d-t-08/
2022年5月8日（日）,東京ドーム,読売ジャイアンツ,東京ヤクルトスワローズ,3,4,6,8,0,1,0,0,"0(0),0(0),0(0),1(1),0(0),2(0),0(1),0(0),0(2)",36772,https://npb.jp/scores/2022/0508/g-s-09/
2022年5月8日（日）,ベルーナドーム,埼玉西武ライオンズ,北海道日本ハムファイターズ,5,1,7,5,0,1,0,0,"2(0),0(0),3(0),0(1),0(0),0(0),0(0),0(0),x(0)",18793,https://npb.jp/scores/2022/0508/l-f-08/
2022年5月8日（日）,ZOZOマリン,千葉ロッテマリーンズ,福岡ソフトバンクホークス,4,8,5,13,0,0,0,0,"2(1),0(0),0(2),0(3),0(2),2(0),0(0),0(0),0(0)",25911,https://npb.jp/scores/2022/0508/m-h-08/
2022年5月10日（火）,新　潟,横浜DeNAベイスターズ,読売ジャイアンツ,3,1,7,4,0,0,0,0,"3(0),0(0),0(1),0(0),0(0),0(0),0(0),0(0),x(0)",16352,https://npb.jp/scores/2022/0510/db-g-06/
2022年5月10日（火）,楽天生命パーク,東北楽天ゴールデンイーグルス,千葉ロッテマリーンズ,7,0,9,4,0,0,0,0,"0(0),0(0),0(0),0(0),2(0),0(0),0(0),5(0),x(0)",22005,https://npb.jp/scores/2022/0510/e-m-06/
2022年5月10日（火）,札幌ドーム,北海道日本ハムファイターズ,オリックス・バファローズ,2,4,7,9,2,1,0,0,"0(2),0(0),0(1),2(0),0(0),0(0),0(0),0(0),0(1)",10356,https://npb.jp/scores/2022/0510/f-b-07/
2022年5月10日（火）,宮　崎,福岡ソフトバンクホークス,埼玉西武ライオンズ,,,,,,,0,0,"(),(),(),(),(),(),(),(),()",0,https://npb.jp/scores/2022/0510/h-l-07/
2022年5月10日（火）,神　宮,東京ヤクルトスワローズ,中日ドラゴンズ,0,1,7,7,0,1,0,0,"0(0),0(0),0(0),0(1),0(0),0(0),0(0),0(0),0(0)",12926,https://npb.jp/scores/2022/0510/s-d-06/
2022年5月10日（火）,甲子園,阪神タイガース,広島東洋カープ,0,3,5,9,0,0,0,0,"0(0),0(0),0(0),0(0),0(0),0(2),0(0),0(1),0(0)",31560,https://npb.jp/scores/2022/0510/t-c-07/
2022年5月11日（水）,楽天生命パーク,東北楽天ゴールデンイーグルス,千葉ロッテマリーンズ,1,3,7,5,0,0,0,0,"0(0),0(0),0(0),0(3),0(0),0(0),0(0),1(0),0(0)",23110,https://npb.jp/scores/2022/0511/e-m-07/
2022年5月11日（水）,札幌ドーム,北海道日本ハムファイターズ,オリックス・バファローズ,5,2,12,5,0,3,0,0,"2(0),3(0),0(0),0(0),0(1),0(1),0(0),0(0),x(0)",10308,https://npb.jp/scores/2022/0511/f-b-08/
2022年5月11日（水）,PayPayドーム,福岡ソフトバンクホークス,埼玉西武ライオンズ,2,0,8,0,0,0,0,0,"0(0),0(0),2(0),0(0),0(0),0(0),0(0),0(0),x(0)",27420,https://npb.jp/scores/2022/0511/h-l-07/
2022年5月11日（水）,神　宮,東京ヤクルトスワローズ,中日ドラゴンズ,0,2,1,10,0,1,0,0,"0(0),0(1),0(0),0(0),0(0),0(0),0(0),0(0),0(1)",13996,https://npb.jp/scores/2022/0511/s-d-07/
2022年5月11日（水）,甲子園,阪神タイガース,広島東洋カープ,2,3,8,11,1,1,0,0,"2(1),0(0),0(0),0(0),0(0),0(2),0(0),0(0),0(0)",30917,https://npb.jp/scores/2022/0511/t-c-08/
2022年5月12日（木）,横　浜,横浜DeNAベイスターズ,読売ジャイアンツ,1,4,6,9,0,2,0,0,"1(0),0(0),0(2),0(0),0(0),0(0),0(0),0(2),0(0)",18821,https://npb.jp/scores/2022/0512/db-g-07/
2022年5月12日（木）,楽天生命パーク,東北楽天ゴールデンイーグルス,千葉ロッテマリーンズ,2,5,8,10,0,0,0,0,"0(0),0(2),0(0),0(1),2(0),0(0),0(1),0(1),0(0)",20089,https://npb.jp/scores/2022/0512/e-m-08/
2022年5月12日（木）,神　宮,東京ヤクルトスワローズ,中日ドラゴンズ,3,1,7,8,0,1,0,0,"2(0),0(0),0(0),0(0),1(0),0(1),0(0),0(0),x(0)",12101,https://npb.jp/scores/2022/0512/s-d-08/
2022年5月12日（木）,甲子園,阪神タイガース,広島東洋カープ,,,,,,,0,0,"(),(),(),(),(),(),(),(),()",0,https://npb.jp/scores/2022/0512/t-c-09/
2022年5月13日（金）,京セラD大阪,オリックス・バファローズ,千葉ロッテマリーンズ,1,4,8,5,0,0,0,0,"0(1),0(0),1(1),0(0),0(0),0(0),0(0),0(2),0(0)",19671,https://npb.jp/scores/2022/0513/b-m-07/
2022年5月13日（金）,マツダスタジアム,広島東洋カープ,東京ヤクルトスワローズ,,,,,,,0,0,"(),(),(),(),(),(),(),(),()",0,https://npb.jp/scores/2022/0513/c-s-05/
2022年5月13日（金）,横　浜,横浜DeNAベイスターズ,阪神タイガース,,,,,,,0,0,"(),(),(),(),(),(),(),(),()",0,https://npb.jp/scores/2022/0513/db-t-06/
2022年5月13日（金）,札幌ドーム,北海道日本ハムファイターズ,福岡ソフトバンクホークス,1,0,4,3,0,0,0,0,"0(0),0(0),0(0),1(0),0(0),0(0),0(0),0(0),x(0)",9526,https://npb.jp/scores/2022/0513/f-h-07/
2022年5月13日（金）,東京ドーム,読売ジャイアンツ,中日ドラゴンズ,5,2,9,5,0,0,0,0,"1(0),0(1),0(0),1(0),0(0),0(1),1(0),2(0),x(0)",34852,https://npb.jp/scores/2022/0513/g-d-07/
2022年5月13日（金）,ベルーナドーム,埼玉西武ライオンズ,東北楽天ゴールデンイーグルス,4,2,11,6,0,1,0,0,"0(0),1(0),0(0),0(0),0(0),2(2),0(0),1(0),x(0)",10121,https://npb.jp/scores/2022/0513/l-e-06/
2022年5月14日（土）,京セラD大阪,オリックス・バファローズ,千葉ロッテマリーンズ,1,0,2,5,0,1,0,0,"1(0),0(0),0(0),0(0),0(0),0(0),0(0),0(0),x(0)",17671,https://npb.jp/scores/2022/0514/b-m-08/
2022年5月14日（土）,マツダスタジアム,広島東洋カープ,東京ヤクルトスワローズ,3,5,8,14,1,0,0,0,"0(1),0(0),0(0),0(0),2(0),1(1),0(0),0(2),0(1)",30518,https://npb.jp/scores/2022/0514/c-s-05/
2022年5月14日（土）,横　浜,横浜DeNAベイスターズ,阪神タイガース,2,9,8,13,0,0,0,0,"1(2),0(0),0(2),0(0),1(3),0(2),0(0),0(0),0(0)",32481,https://npb.jp/scores/2022/0514/db-t-06/
2022年5月14日（土）,札幌ドーム,北海道日本ハムファイターズ,福岡ソフトバンクホークス,2,0,8,6,0,1,0,0,"0(0),0(0),2(0),0(0),0(0),0(0),0(0),0(0),x(0)",11825,https://npb.jp/scores/2022/0514/f-h-08/
2022年5月14日（土）,東京ドーム,読売ジャイアンツ,中日ドラゴンズ,7,6,10,11,1,0,0,0,"0(1),0(2),0(0),0(0),0(1),2(1),5(0),0(0),x(1)",35194,https://npb.jp/scores/2022/0514/g-d-08/
2022年5月14日（土）,ベルーナドーム,埼玉西武ライオンズ,東北楽天ゴールデンイーグルス,5,4,10,7,1,0,0,0,"0(0),1(1),0(1),0(0),0(2),0(0),4(0),0(0),x(0)",12091,https://npb.jp/scores/2022/0514/l-e-07/
2022年5月15日（日）,京セラD大阪,オリックス・バファローズ,千葉ロッテマリーンズ,8,5,11,9,1,2,0,0,"0(0),2(0),0(0),0(0),2(3),4(0),0(2),0(0),x(0)",20275,https://npb.jp/scores/2022/0515/b-m-09/
2022年5月15日（日）,マツダスタジアム,広島東洋カープ,東京ヤクルトスワローズ,5,5,12,9,0,0,0,0,"0(2),0(0),0(0),0(0),3(0),2(3),0(0),0(0),0(0)",30420,https://npb.jp/scores/2022/0515/c-s-06/
2022年5月15日（日）,横　浜,横浜DeNAベイスターズ,阪神タイガース,1,8,9,11,1,2,0,0,"0(0),0(2),0(2),1(0),0(2),0(1),0(0),0(0),0(1)",32183,https://npb.jp/scores/2022/0515/db-t-07/
2022年5月15日（日）,札幌ドーム,北海道日本ハムファイターズ,福岡ソフトバンクホークス,10,2,12,7,0,0,0,0,"0(2),2(0),2(0),4(0),0(0),2(0),0(0),0(0),x(0)",14479,https://npb.jp/scores/2022/0515/f-h-09/
2022年5月15日（日）,東京ドーム,読売ジャイアンツ,中日ドラゴンズ,3,9,9,17,2,0,0,0,"0(0),0(4),0(1),0(0),0(0),2(3),0(0),1(1),0(0)",33940,https://npb.jp/scores/2022/0515/g-d-09/
2022年5月15日（日）,ベルーナドーム,埼玉西武ライオンズ,東北楽天ゴールデンイーグルス,1,3,7,10,0,0,0,0,"0(0),0(0),1(0),0(2),0(0),0(0),0(0),0(0),0(1)",21224,https://npb.jp/scores/2022/0515/l-e-08/
2022年5月17日（火）,ほっと神戸,オリックス・バファローズ,北海道日本ハムファイターズ,3,0,9,4,1,1,0,0,"0(0),0(0),0(0),0(0),0(0),0(0),2(0),1(0),x(0)",21152,https://npb.jp/scores/2022/0517/b-f-09/
2022年5月17日（火）,バンテリンドーム,中日ドラゴンズ,横浜DeNAベイスターズ,0,4,4,9,0,1,0,0,"0(0),0(0),0(0),0(1),0(0),0(1),0(0),0(2),0(0)",16466,https://npb.jp/scores/2022/0517/d-db-07/
2022年5月17日（火）,宇都宮,読売ジャイアンツ,広島東洋カープ,3,2,7,6,0,0,0,0,"0(0),0(2),0(0),0(0),0(0),0(0),0(0),0(0),3x(0)",14506,https://npb.jp/scores/2022/0517/g-c-10/
2022年5月17日（火）,那　覇,埼玉西武ライオンズ,福岡ソフトバンクホークス,1,5,6,6,2,1,0,0,"0(0),0(0),0(0),0(0),0(0),0(0),0(0),1(0),0(5)",9841,https://npb.jp/scores/2022/0517/l-h-08/
2022年5月17日（火）,ZOZOマリン,千葉ロッテマリーンズ,東北楽天ゴールデンイーグルス,6,3,14,9,1,1,0,0,"0(0),0(1),1(0),0(2),0(0),0(0),5(0),0(0),x(0)",21001,https://npb.jp/scores/2022/0517/m-e-09/
2022年5月17日（火）,神　宮,東京ヤクルトスワローズ,阪神タイガース,2,1,8,4,0,0,0,0,"0(0),0(0),0(0),0(0),0(1),0(0),0(0),0(0),2x(0)",14212,https://npb.jp/scores/2022/0517/s-t-10/
2022年5月18日（水）,ほっと神戸,オリックス・バファローズ,北海道日本ハムファイターズ,4,11,7,15,1,1,0,0,"0(0),0(0),0(0),0(2),3(1),1(3),0(5),0(0),0(0)",21198,https://npb.jp/scores/2022/0518/b-f-10/
2022年5月18日（水）,バンテリンドーム,中日ドラゴンズ,横浜DeNAベイスターズ,6,7,9,11,0,0,0,0,"0(0),0(0),0(4),2(1),0(0),3(0),0(2),1(0),0(0)",21229,https://npb.jp/scores/2022/0518/d-db-08/
2022年5月18日（水）,東京ドーム,読売ジャイアンツ,広島東洋カープ,4,2,8,9,1,0,0,0,"0(0),1(0),0(0),0(0),3(0),0(1),0(1),0(0),x(0)",28344,https://npb.jp/scores/2022/0518/g-c-11/
2022年5月18日（水）,那　覇,埼玉西武ライオンズ,福岡ソフトバンクホークス,2,3,6,9,2,0,0,0,"0(1),0(0),0(0),0(0),0(1),2(0),0(1),0(0),0(0)",12404,https://npb.jp/scores/2022/0518/l-h-09/
2022年5月18日（水）,ZOZOマリン,千葉ロッテマリーンズ,東北楽天ゴールデンイーグルス,1,0,3,5,1,0,0,0,"0(0),0(0),0(0),0(0),0(0),0(0),0(0),0(0),0(0)",20084,https://npb.jp/scores/2022/0518/m-e-10/
2022年5月18日（水）,神　宮,東京ヤクルトスワローズ,阪神タイガース,1,8,6,8,2,0,0,0,"0(1),0(2),0(3),0(0),0(0),1(1),0(0),0(1),0(0)",15804,https://npb.jp/scores/2022/0518/s-t-11/
2022年5月19日（木）,東京ドーム,読売ジャイアンツ,広島東洋カープ,2,1,7,5,0,1,0,0,"0(0),0(1),1(0),0(0),0(0),0(0),1(0),0(0),x(0)",27324,https://npb.jp/scores/2022/0519/g-c-12/
2022年5月19日（木）,ZOZOマリン,千葉ロッテマリーンズ,東北楽天ゴールデンイーグルス,2,7,7,5,0,0,0,0,"0(0),1(0),0(0),1(0),0(1),0(0),0(6),0(0),0(0)",19930,https://npb.jp/scores/2022/0519/m-e-11/
2022年5月19日（木）,神　宮,東京ヤクルトスワローズ,阪神タイガース,3,0,7,4,0,3,0,0,"0(0),0(0),0(0),0(0),1(0),0(0),2(0),0(0),x(0)",15549,https://npb.jp/scores/2022/0519/s-t-12/
2022年5月20日（金）,マツダスタジアム,広島東洋カープ,中日ドラゴンズ,11,5,12,7,1,1,0,0,"4(0),0(1),1(0),0(0),5(0),0(4),0(0),1(0),x(0)",25616,https://npb.jp/scores/2022/0520/c-d-09/
2022年5月20日（金）,横　浜,横浜DeNAベイスターズ,東京ヤクルトスワローズ,3,1,9,6,0,0,0,0,"3(0),0(0),0(1),0(0),0(0),0(0),0(0),0(0),x(0)",25126,https://npb.jp/scores/2022/0520/db-s-07/
2022年5月20日（金）,楽天生命パーク,東北楽天ゴールデンイーグルス,オリックス・バファローズ,0,1,8,8,0,0,0,0,"0(0),0(0),0(1),0(0),0(0),0(0),0(0),0(0),0(0)",17239,https://npb.jp/scores/2022/0520/e-b-07/
2022年5月20日（金）,札幌ドーム,北海道日本ハムファイターズ,埼玉西武ライオンズ,5,3,9,9,0,0,0,0,"0(2),1(0),0(0),0(0),0(0),0(0),4(0),0(1),x(0)",9731,https://npb.jp/scores/2022/0520/f-l-09/
2022年5月20日（金）,PayPayドーム,福岡ソフトバンクホークス,千葉ロッテマリーンズ,1,8,6,13,0,0,0,0,"0(2),0(0),0(2),0(0),0(0),1(0),0(0),0(3),0(1)",36956,https://npb.jp/scores/2022/0520/h-m-09/
2022年5月20日（金）,甲子園,阪神タイガース,読売ジャイアンツ,2,6,6,13,1,1,0,0,"0(0),0(0),0(0),0(0),0(0),0(2),0(0),0(0),2(0)",39180,https://npb.jp/scores/2022/0520/t-g-10/
2022年5月21日（土）,マツダスタジアム,広島東洋カープ,中日ドラゴンズ,10,1,16,8,0,1,0,0,"3(0),6(0),0(0),0(0),0(0),1(0),0(0),0(1),x(0)",30132,https://npb.jp/scores/2022/0521/c-d-10/
2022年5月21日（土）,横　浜,横浜DeNAベイスターズ,東京ヤクルトスワローズ,2,9,8,9,0,0,0,0,"0(1),2(3),0(0),0(0),0(0),0(0),0(0),0(0),0(5)",24873,https://npb.jp/scores/2022/0521/db-s-08/
2022年5月21日（土）,楽天生命パーク,東北楽天ゴールデンイーグルス,オリックス・バファローズ,0,6,4,12,0,0,0,0,"0(0),0(2),0(1),0(1),0(0),0(0),0(0),0(2),0(0)",18306,https://npb.jp/scores/2022/0521/e-b-08/
2022年5月21日（土）,札幌ドーム,北海道日本ハムファイターズ,埼玉西武ライオンズ,4,0,10,2,1,1,0,0,"1(0),2(0),0(0),0(0),0(0),0(0),1(0),0(0),x(0)",12988,https://npb.jp/scores/2022/0521/f-l-10/
2022年5月21日（土）,PayPayドーム,福岡ソフトバンクホークス,千葉ロッテマリーンズ,2,4,9,10,1,0,0,0,"0(1),1(0),0(0),0(0),1(0),0(1),0(0),0(2),0(0)",31549,https://npb.jp/scores/2022/0521/h-m-10/
2022年5月21日（土）,甲子園,阪神タイガース,読売ジャイアンツ,2,1,7,6,0,1,0,0,"1(0),1(0),0(0),0(0),0(0),0(0),0(0),0(0),x(1)",42445,https://npb.jp/scores/2022/0521/t-g-11/
2022年5月22日（日）,マツダスタジアム,広島東洋カープ,中日ドラゴンズ,1,0,3,5,0,0,0,0,"0(0),0(0),0(0),0(0),0(0),1(0),0(0),0(0),x(0)",29809,https://npb.jp/scores/2022/0522/c-d-11/
2022年5月22日（日）,横　浜,横浜DeNAベイスターズ,東京ヤクルトスワローズ,3,5,11,8,0,0,0,0,"1(2),0(1),0(0),0(0),1(1),0(1),1(0),0(0),0(0)",23258,https://npb.jp/scores/2022/0522/db-s-09/
2022年5月22日（日）,楽天生命パーク,東北楽天ゴールデンイーグルス,オリックス・バファローズ,1,6,5,11,0,2,0,0,"0(2),0(0),0(2),0(0),0(0),1(2),0(0),0(0),0(0)",17896,https://npb.jp/scores/2022/0522/e-b-09/
2022年5月22日（日）,札幌ドーム,北海道日本ハムファイターズ,埼玉西武ライオンズ,0,3,3,10,1,1,0,0,"0(2),0(0),0(0),0(0),0(0),0(0),0(0),0(1),0(0)",14550,https://npb.jp/scores/2022/0522/f-l-11/
2022年5月22日（日）,PayPayドーム,福岡ソフトバンクホークス,千葉ロッテマリーンズ,3,2,9,4,0,0,0,0,"0(0),0(0),0(0),3(0),0(0),0(1),0(1),0(0),x(0)",34933,https://npb.jp/scores/2022/0522/h-m-11/
2022年5月22日（日）,甲子園,阪神タイガース,読売ジャイアンツ,4,0,7,8,0,2,0,0,"0(0),4(0),0(0),0(0),0(0),0(0),0(0),0(0),x(0)",42352,https://npb.jp/scores/2022/0522/t-g-12/
2022年5月24日（火）,マツダスタジアム,広島東洋カープ,千葉ロッテマリーンズ,0,7,5,5,0,1,0,0,"0(1),0(0),0(0),0(0),0(1),0(1),0(0),0(3),0(1)",23671,https://npb.jp/scores/2022/0524/c-m-01/
2022年5月24日（火）,バンテリンドーム,中日ドラゴンズ,埼玉西武ライオンズ,5,8,8,13,1,0,0,0,"0(3),1(1),2(0),0(2),0(0),0(0),0(2),2(0),0(0)",18075,https://npb.jp/scores/2022/0524/d-l-01/
2022年5月24日（火）,横　浜,横浜DeNAベイスターズ,福岡ソフトバンクホークス,4,3,12,7,0,0,0,0,"0(2),0(0),1(0),1(0),0(0),1(0),0(1),1(0),x(0)",20313,https://npb.jp/scores/2022/0524/db-h-01/
2022年5月24日（火）,東京ドーム,読売ジャイアンツ,オリックス・バファローズ,4,2,5,8,0,0,0,0,"0(0),0(0),0(0),2(0),0(0),0(0),0(2),2(0),x(0)",30342,https://npb.jp/scores/2022/0524/g-b-01/
2022年5月24日（火）,神　宮,東京ヤクルトスワローズ,北海道日本ハムファイターズ,3,1,8,8,0,0,0,0,"0(0),0(0),0(0),0(0),0(1),0(0),0(0),1(0),0(0)",20794,https://npb.jp/scores/2022/0524/s-f-01/
2022年5月24日（火）,甲子園,阪神タイガース,東北楽天ゴールデンイーグルス,1,0,7,9,1,0,0,0,"0(0),0(0),0(0),0(0),0(0),1(0),0(0),0(0),x(0)",33186,https://npb.jp/scores/2022/0524/t-e-01/
2022年5月25日（水）,マツダスタジアム,広島東洋カープ,千葉ロッテマリーンズ,5,2,12,4,1,1,0,0,"0(0),1(1),0(0),0(0),2(0),2(0),0(1),0(0),x(0)",25002,https://npb.jp/scores/2022/0525/c-m-02/
2022年5月25日（水）,バンテリンドーム,中日ドラゴンズ,埼玉西武ライオンズ,1,2,4,5,1,0,0,0,"1(0),0(1),0(0),0(0),0(1),0(0),0(0),0(0),0(0)",16920,https://npb.jp/scores/2022/0525/d-l-02/
2022年5月25日（水）,横　浜,横浜DeNAベイスターズ,福岡ソフトバンクホークス,2,8,7,10,3,1,0,0,"0(1),0(0),1(0),1(1),0(6),0(0),0(0),0(0),0(0)",20806,https://npb.jp/scores/2022/0525/db-h-02/
2022年5月25日（水）,東京ドーム,読売ジャイアンツ,オリックス・バファローズ,5,3,8,8,0,0,0,0,"3(2),0(0),0(0),0(0),0(1),0(0),0(0),2(0),x(0)",27789,https://npb.jp/scores/2022/0525/g-b-02/
2022年5月25日（水）,神　宮,東京ヤクルトスワローズ,北海道日本ハムファイターズ,7,6,13,14,1,1,0,0,"0(1),0(0),0(0),0(1),0(1),0(0),3(0),1(1),3x(2)",21077,https://npb.jp/scores/2022/0525/s-f-02/
2022年5月25日（水）,甲子園,阪神タイガース,東北楽天ゴールデンイーグルス,1,6,5,10,1,0,0,0,"0(0),1(0),0(1),0(1),0(2),0(0),0(2),0(0),0(0)",31493,https://npb.jp/scores/2022/0525/t-e-02/
2022年5月26日（木）,マツダスタジアム,広島東洋カープ,千葉ロッテマリーンズ,3,6,12,8,1,0,0,0,"1(0),0(2),1(1),1(0),0(3),0(0),0(0),0(0),0(0)",24077,https://npb.jp/scores/2022/0526/c-m-03/
2022年5月26日（木）,バンテリンドーム,中日ドラゴンズ,埼玉西武ライオンズ,6,3,11,10,0,1,0,0,"0(0),0(0),0(0),3(0),1(1),2(0),0(0),0(0),x(2)",17463,https://npb.jp/scores/2022/0526/d-l-03/
2022年5月26日（木）,横　浜,横浜DeNAベイスターズ,福岡ソフトバンクホークス,5,1,9,6,0,0,0,0,"0(1),0(0),0(0),2(0),1(0),2(0),0(0),0(0),x(0)",20281,https://npb.jp/scores/2022/0526/db-h-03/
2022年5月26日（木）,東京ドーム,読売ジャイアンツ,オリックス・バファローズ,2,3,7,12,0,0,0,0,"0(1),0(0),0(1),1(0),0(1),0(0),0(0),1(0),0(0)",29624,https://npb.jp/scores/2022/0526/g-b-03/
2022年5月26日（木）,神　宮,東京ヤクルトスワローズ,北海道日本ハムファイターズ,6,9,12,13,2,0,0,0,"0(2),1(0),0(0),3(0),0(0),0(0),0(0),1(1),0(2)",22046,https://npb.jp/scores/2022/0526/s-f-03/
2022年5月26日（木）,甲子園,阪神タイガース,東北楽天ゴールデンイーグルス,0,1,5,6,0,0,0,0,"0(0),0(0),0(0),0(0),0(0),0(0),0(0),0(0),0(1)",26255,https://npb.jp/scores/2022/0526/t-e-03/
2022年5月27日（金）,京セラD大阪,オリックス・バファローズ,中日ドラゴンズ,1,4,7,13,1,1,0,0,"0(0),0(0),0(0),0(2),0(0),0(2),0(0),0(0),1(0)",11549,https://npb.jp/scores/2022/0527/b-d-01/
2022年5月27日（金）,楽天生命パーク,東北楽天ゴールデンイーグルス,東京ヤクルトスワローズ,1,8,4,10,0,0,0,0,"1(1),0(4),0(0),0(1),0(0),0(0),0(2),0(0),0(0)",17688,https://npb.jp/scores/2022/0527/e-s-01/
2022年5月27日（金）,札幌ドーム,北海道日本ハムファイターズ,読売ジャイアンツ,3,2,7,3,1,0,0,0,"0(0),0(0),2(0),0(0),0(2),0(0),0(0),1(0),x(0)",17382,https://npb.jp/scores/2022/0527/f-g-01/
2022年5月27日（金）,PayPayドーム,福岡ソフトバンクホークス,広島東洋カープ,7,0,14,3,1,0,0,0,"3(0),0(0),0(0),1(0),1(0),1(0),0(0),1(0),x(0)",32823,https://npb.jp/scores/2022/0527/h-c-01/
2022年5月27日（金）,ベルーナドーム,埼玉西武ライオンズ,横浜DeNAベイスターズ,0,1,3,4,0,0,0,0,"0(0),0(0),0(0),0(0),0(0),0(0),0(1),0(0),0(0)",12234,https://npb.jp/scores/2022/0527/l-db-01/
2022年5月27日（金）,ZOZOマリン,千葉ロッテマリーンズ,阪神タイガース,0,1,5,6,1,1,0,0,"0(0),0(0),0(0),0(0),0(0),0(0),0(0),0(0),0(1)",22418,https://npb.jp/scores/2022/0527/m-t-01/
2022年5月28日（土）,京セラD大阪,オリックス・バファローズ,中日ドラゴンズ,1,4,7,6,0,0,0,0,"0(0),0(0),0(1),0(0),0(0),0(0),1(0),0(1),0(2)",21821,https://npb.jp/scores/2022/0528/b-d-02/
2022年5月28日（土）,楽天生命パーク,東北楽天ゴールデンイーグルス,東京ヤクルトスワローズ,4,11,10,11,0,0,0,0,"0(0),1(0),0(0),2(0),0(7),0(0),0(1),0(3),1(0)",23629,https://npb.jp/scores/2022/0528/e-s-02/
2022年5月28日（土）,札幌ドーム,北海道日本ハムファイターズ,読売ジャイアンツ,4,8,7,13,0,1,0,0,"0(0),0(0),0(0),1(0),1(4),1(0),1(1),0(1),0(2)",27235,https://npb.jp/scores/2022/0528/f-g-02/
2022年5月28日（土）,PayPayドーム,福岡ソフトバンクホークス,広島東洋カープ,11,1,12,6,1,1,0,0,"0(1),6(0),0(0),1(0),0(0),2(0),2(0),0(0),x(0)",35544,https://npb.jp/scores/2022/0528/h-c-02/
2022年5月28日（土）,ベルーナドーム,埼玉西武ライオンズ,横浜DeNAベイスターズ,10,5,14,9,1,3,0,0,"0(0),2(0),8(0),0(0),0(2),0(0),0(0),0(3),x(0)",18824,https://npb.jp/scores/2022/0528/l-db-02/
2022年5月28日（土）,ZOZOマリン,千葉ロッテマリーンズ,阪神タイガース,2,6,8,10,1,2,0,0,"0(3),0(0),0(1),0(0),0(0),0(0),0(0),0(0),2(2)",27781,https://npb.jp/scores/2022/0528/m-t-02/
2022年5月29日（日）,京セラD大阪,オリックス・バファローズ,中日ドラゴンズ,8,0,12,5,0,0,0,0,"1(0),2(0),2(0),0(0),1(0),0(0),2(0),0(0),x(0)",19661,https://npb.jp/scores/2022/0529/b-d-03/
2022年5月29日（日）,楽天生命パーク,東北楽天ゴールデンイーグルス,東京ヤクルトスワローズ,3,1,6,6,2,2,0,0,"1(0),0(0),0(0),0(0),0(0),0(0),2(0),0(0),x(1)",22534,https://npb.jp/scores/2022/0529/e-s-03/
2022年5月29日（日）,札幌ドーム,北海道日本ハムファイターズ,読売ジャイアンツ,7,2,14,6,0,0,0,0,"1(0),1(1),0(0),4(0),0(1),1(0),0(0),0(0),x(0)",23431,https://npb.jp/scores/2022/0529/f-g-03/
2022年5月29日（日）,PayPayドーム,福岡ソフトバンクホークス,広島東洋カープ,8,0,11,4,0,0,0,0,"1(0),0(0),1(0),4(0),0(0),2(0),0(0),0(0),x(0)",36167,https://npb.jp/scores/2022/0529/h-c-03/
2022年5月29日（日）,ベルーナドーム,埼玉西武ライオンズ,横浜DeNAベイスターズ,3,2,4,4,0,1,0,0,"0(0),0(0),1(0),1(0),0(1),0(1),0(0),0(0),1x(0)",22907,https://npb.jp/scores/2022/0529/l-db-03/
2022年5月29日（日）,ZOZOマリン,千葉ロッテマリーンズ,阪神タイガース,3,2,9,9,0,0,0,0,"0(0),1(0),2(0),0(0),0(0),0(0),0(0),0(2),x(0)",26774,https://npb.jp/scores/2022/0529/m-t-03/
2022年5月31日（火）,マツダスタジアム,広島東洋カープ,北海道日本ハムファイターズ,1,0,5,4,1,0,0,0,"0(0),0(0),0(0),0(0),0(0),0(0),0(0),1(0),x(0)",28823,https://npb.jp/scores/2022/0531/c-f-01/
2022年5月31日（火）,バンテリンドーム,中日ドラゴンズ,東北楽天ゴールデンイーグルス,2,0,7,5,0,0,0,0,"0(0),0(0),0(0),1(0),0(0),1(0),0(0),0(0),x(0)",18827,https://npb.jp/scores/2022/0531/d-e-01/
2022年5月31日（火）,横　浜,横浜DeNAベイスターズ,オリックス・バファローズ,4,1,9,8,1,0,0,0,"0(1),0(0),1(0),1(0),0(0),0(0),0(0),2(0),x(0)",17604,https://npb.jp/scores/2022/0531/db-b-01/
2022年5月31日（火）,東京ドーム,読売ジャイアンツ,福岡ソフトバンクホークス,1,3,5,12,2,0,0,0,"1(0),0(0),0(0),0(0),0(0),0(0),0(1),0(1),0(1)",30662,https://npb.jp/scores/2022/0531/g-h-01/
2022年5月31日（火）,神　宮,東京ヤクルトスワローズ,千葉ロッテマリーンズ,1,0,6,7,0,0,0,0,"1(0),0(0),0(0),0(0),0(0),0(0),0(0),0(0),x(0)",16502,https://npb.jp/scores/2022/0531/s-m-01/
2022年5月31日（火）,甲子園,阪神タイガース,埼玉西武ライオンズ,0,2,6,8,0,1,0,0,"0(0),0(1),0(0),0(0),0(0),0(0),0(0),0(1),0(0)",30086,https://npb.jp/scores/2022/0531/t-l-01/
2022年6月1日（水）,マツダスタジアム,広島東洋カープ,北海道日本ハムファイターズ,1,5,7,11,2,2,0,0,"0(0),0(1),0(0),0(1),0(1),0(0),1(0),0(0),0(2)",29368,https://npb.jp/scores/2022/0601/c-f-02/
2022年6月1日（水）,バンテリンドーム,中日ドラゴンズ,東北楽天ゴールデンイーグルス,0,2,6,6,0,1,0,0,"0(1),0(0),0(1),0(0),0(0),0(0),0(0),0(0),0(0)",16536,https://npb.jp/scores/2022/0601/d-e-02/
2022年6月1日（水）,横　浜,横浜DeNAベイスターズ,オリックス・バファローズ,1,5,3,10,0,1,0,0,"0(1),0(0),0(2),0(1),1(0),0(0),0(1),0(0),0(0)",18186,https://npb.jp/scores/2022/0601/db-b-02/
2022年6月1日（水）,東京ドーム,読売ジャイアンツ,福岡ソフトバンクホークス,3,6,7,7,0,0,0,0,"0(0),0(0),0(0),1(3),0(3),1(0),1(0),0(0),0(0)",32058,https://npb.jp/scores/2022/0601/g-h-02/
2022年6月1日（水）,神　宮,東京ヤクルトスワローズ,千葉ロッテマリーンズ,3,4,9,5,1,0,0,0,"1(0),1(2),0(0),1(1),0(0),0(1),0(0),0(0),0(0)",18059,https://npb.jp/scores/2022/0601/s-m-02/
2022年6月1日（水）,甲子園,阪神タイガース,埼玉西武ライオンズ,5,4,8,10,0,0,0,0,"1(0),0(0),4(0),0(0),0(0),0(4),0(0),0(0),x(0)",30746,https://npb.jp/scores/2022/0601/t-l-02/
2022年6月2日（木）,マツダスタジアム,広島東洋カープ,北海道日本ハムファイターズ,6,3,7,11,1,1,0,0,"0(0),0(0),0(1),0(0),6(0),0(2),0(0),0(0),x(0)",29180,https://npb.jp/scores/2022/0602/c-f-03/
2022年6月2日（木）,バンテリンドーム,中日ドラゴンズ,東北楽天ゴールデンイーグルス,3,2,7,5,0,0,0,0,"1(0),1(0),1(0),0(0),0(0),0(0),0(2),0(0),x(0)",16214,https://npb.jp/scores/2022/0602/d-e-03/
2022年6月2日（木）,横　浜,横浜DeNAベイスターズ,オリックス・バファローズ,1,3,4,7,0,0,0,0,"1(0),0(1),0(0),0(0),0(0),0(1),0(0),0(1),0(0)",16763,https://npb.jp/scores/2022/0602/db-b-03/
2022年6月2日（木）,東京ドーム,読売ジャイアンツ,福岡ソフトバンクホークス,3,0,8,5,0,0,0,0,"1(0),0(0),1(0),0(0),1(0),0(0),0(0),0(0),x(0)",31807,https://npb.jp/scores/2022/0602/g-h-03/
2022年6月2日（木）,神　宮,東京ヤクルトスワローズ,千葉ロッテマリーンズ,7,3,11,6,2,2,0,0,"0(3),0(0),0(0),0(0),0(0),1(0),1(0),5(0),x(0)",17531,https://npb.jp/scores/2022/0602/s-m-03/
2022年6月2日（木）,甲子園,阪神タイガース,埼玉西武ライオンズ,6,1,17,7,1,3,0,0,"0(0),0(0),0(0),3(0),0(0),0(0),2(1),1(0),x(0)",32831,https://npb.jp/scores/2022/0602/t-l-03/
2022年6月3日（金）,マツダスタジアム,広島東洋カープ,オリックス・バファローズ,1,4,11,10,0,0,0,0,"1(0),0(2),0(0),0(1),0(1),0(0),0(0),0(0),0(0)",28517,https://npb.jp/scores/2022/0603/c-b-01/
2022年6月3日（金）,バンテリンドーム,中日ドラゴンズ,福岡ソフトバンクホークス,0,6,5,12,0,0,0,0,"0(0),0(0),0(0),0(1),0(0),0(0),0(0),0(4),0(1)",29449,https://npb.jp/scores/2022/0603/d-h-01/
2022年6月3日（金）,横　浜,横浜DeNAベイスターズ,東北楽天ゴールデンイーグルス,7,0,11,6,0,0,0,0,"2(0),0(0),3(0),0(0),0(0),1(0),0(0),1(0),x(0)",26201,https://npb.jp/scores/2022/0603/db-e-01/
2022年6月3日（金）,東京ドーム,読売ジャイアンツ,千葉ロッテマリーンズ,10,3,15,7,0,2,0,0,"0(0),1(0),2(0),1(0),1(0),0(0),0(0),5(3),x(0)",40392,https://npb.jp/scores/2022/0603/g-m-01/
2022年6月3日（金）,神　宮,東京ヤクルトスワローズ,埼玉西武ライオンズ,1,0,7,3,0,1,0,0,"0(0),0(0),0(0),0(0),1(0),0(0),0(0),0(0),x(0)",19182,https://npb.jp/scores/2022/0603/s-l-01/
2022年6月3日（金）,甲子園,阪神タイガース,北海道日本ハムファイターズ,9,7,13,16,0,1,0,0,"0(2),1(1),0(4),1(0),1(0),2(0),0(0),4(0),x(0)",42574,https://npb.jp/scores/2022/0603/t-f-01/
2022年6月4日（土）,マツダスタジアム,広島東洋カープ,オリックス・バファローズ,2,3,6,9,0,1,0,0,"0(0),0(1),0(0),0(0),0(0),0(0),2(0),0(2),0(0)",30533,https://npb.jp/scores/2022/0604/c-b-02/
2022年6月4日（土）,バンテリンドーム,中日ドラゴンズ,福岡ソフトバンクホークス,4,2,7,7,0,0,0,0,"1(0),0(0),0(0),0(1),0(1),0(0),2(0),1(0),x(0)",36205,https://npb.jp/scores/2022/0604/d-h-02/
2022年6月4日（土）,横　浜,横浜DeNAベイスターズ,東北楽天ゴールデンイーグルス,6,1,12,7,0,1,0,0,"1(1),0(0),0(0),0(0),0(0),0(0),4(0),1(0),x(0)",31130,https://npb.jp/scores/2022/0604/db-e-02/
2022年6月4日（土）,東京ドーム,読売ジャイアンツ,千葉ロッテマリーンズ,2,1,5,7,0,1,0,0,"0(0),0(0),0(0),0(0),0(1),0(0),2(0),0(0),x(0)",40444,https://npb.jp/scores/2022/0604/g-m-02/
2022年6月4日（土）,神　宮,東京ヤクルトスワローズ,埼玉西武ライオンズ,3,2,4,5,0,1,0,0,"0(0),0(1),0(0),0(1),1(0),2(0),0(0),0(0),x(0)",29538,https://npb.jp/scores/2022/0604/s-l-02/
2022年6月4日（土）,甲子園,阪神タイガース,北海道日本ハムファイターズ,3,0,9,5,0,0,0,0,"0(0),0(0),0(0),1(0),2(0),0(0),0(0),0(0),x(0)",42594,https://npb.jp/scores/2022/0604/t-f-02/
2022年6月5日（日）,マツダスタジアム,広島東洋カープ,オリックス・バファローズ,2,5,7,6,1,0,0,0,"0(0),0(0),1(0),0(1),0(0),1(0),0(4),0(0),0(0)",30377,https://npb.jp/scores/2022/0605/c-b-03/
2022年6月5日（日）,バンテリンドーム,中日ドラゴンズ,福岡ソフトバンクホークス,7,3,10,8,0,1,0,0,"3(1),0(0),0(0),0(1),1(0),1(1),0(0),2(0),x(0)",36190,https://npb.jp/scores/2022/0605/d-h-03/
2022年6月5日（日）,横　浜,横浜DeNAベイスターズ,東北楽天ゴールデンイーグルス,5,6,13,9,1,0,0,0,"1(0),0(2),1(0),0(0),1(0),0(2),2(0),0(0),0(2)",27125,https://npb.jp/scores/2022/0605/db-e-03/
2022年6月5日（日）,東京ドーム,読売ジャイアンツ,千葉ロッテマリーンズ,4,10,8,10,0,1,0,0,"2(0),0(2),0(1),0(0),2(2),0(0),0(0),0(4),0(1)",40509,https://npb.jp/scores/2022/0605/g-m-03/
2022年6月5日（日）,神　宮,東京ヤクルトスワローズ,埼玉西武ライオンズ,5,3,8,5,0,1,0,0,"0(0),2(0),1(2),0(1),0(0),2(0),0(0),0(0),x(0)",28170,https://npb.jp/scores/2022/0605/s-l-03/
2022年6月5日（日）,甲子園,阪神タイガース,北海道日本ハムファイターズ,8,3,10,5,1,2,0,0,"0(0),0(0),4(0),0(0),0(0),0(3),0(0),4(0),x(0)",42586,https://npb.jp/scores/2022/0605/t-f-03/
2022年6月7日（火）,京セラD大阪,オリックス・バファローズ,東京ヤクルトスワローズ,6,1,12,6,0,0,0,0,"0(0),0(0),2(0),1(1),3(0),0(0),0(0),0(0),x(0)",11435,https://npb.jp/scores/2022/0607/b-s-01/
2022年6月7日（火）,楽天生命パーク,東北楽天ゴールデンイーグルス,広島東洋カープ,1,3,3,7,1,1,0,0,"0(0),0(0),0(0),0(0),0(2),1(0),0(0),0(1),0(0)",14558,https://npb.jp/scores/2022/0607/e-c-01/
2022年6月7日（火）,札幌ドーム,北海道日本ハムファイターズ,横浜DeNAベイスターズ,0,2,0,8,0,0,0,0,"0(0),0(0),0(0),0(0),0(0),0(0),0(0),0(0),0(2)",13592,https://npb.jp/scores/2022/0607/f-db-01/
2022年6月7日（火）,PayPayドーム,福岡ソフトバンクホークス,阪神タイガース,0,2,8,7,0,0,0,0,"0(0),0(0),0(0),0(0),0(0),0(2),0(0),0(0),0(0)",29448,https://npb.jp/scores/2022/0607/h-t-01/
2022年6月7日（火）,ベルーナドーム,埼玉西武ライオンズ,読売ジャイアンツ,9,4,11,8,0,1,0,0,"0(0),1(0),0(4),1(0),0(0),3(0),2(0),2(0),x(0)",16975,https://npb.jp/scores/2022/0607/l-g-01/
2022年6月7日（火）,ZOZOマリン,千葉ロッテマリーンズ,中日ドラゴンズ,6,2,9,12,0,1,0,0,"0(0),0(0),0(0),0(0),0(0),3(2),0(0),3(0),x(0)",14704,https://npb.jp/scores/2022/0607/m-d-01/
2022年6月8日（水）,京セラD大阪,オリックス・バファローズ,東京ヤクルトスワローズ,3,6,10,13,1,0,0,0,"1(0),0(0),1(0),1(1),0(2),0(0),0(0),0(2),0(1)",11517,https://npb.jp/scores/2022/0608/b-s-02/
2022年6月8日（水）,楽天生命パーク,東北楽天ゴールデンイーグルス,広島東洋カープ,1,0,8,4,1,0,0,0,"0(0),0(0),0(0),0(0),0(0),0(0),0(0),0(0),0(0)",15044,https://npb.jp/scores/2022/0608/e-c-02/
2022年6月8日（水）,札幌ドーム,北海道日本ハムファイターズ,横浜DeNAベイスターズ,5,3,7,11,0,0,0,0,"0(0),0(0),3(0),1(0),1(2),0(0),0(1),0(0),x(0)",11859,https://npb.jp/scores/2022/0608/f-db-02/
2022年6月8日（水）,PayPayドーム,福岡ソフトバンクホークス,阪神タイガース,1,0,6,7,0,0,0,0,"0(0),0(0),0(0),1(0),0(0),0(0),0(0),0(0),x(0)",30404,https://npb.jp/scores/2022/0608/h-t-02/
2022年6月8日（水）,ベルーナドーム,埼玉西武ライオンズ,読売ジャイアンツ,3,0,4,1,0,0,0,0,"0(0),0(0),0(0),3(0),0(0),0(0),0(0),0(0),x(0)",16809,https://npb.jp/scores/2022/0608/l-g-02/
2022年6月8日（水）,ZOZOマリン,千葉ロッテマリーンズ,中日ドラゴンズ,9,6,13,11,1,2,0,0,"1(2),0(0),3(0),2(0),0(0),2(2),1(2),0(0),x(0)",15694,https://npb.jp/scores/2022/0608/m-d-02/
2022年6月9日（木）,京セラD大阪,オリックス・バファローズ,東京ヤクルトスワローズ,1,2,7,7,1,0,0,0,"0(0),0(2),0(0),1(0),0(0),0(0),0(0),0(0),0(0)",11376,https://npb.jp/scores/2022/0609/b-s-03/
2022年6月9日（木）,楽天生命パーク,東北楽天ゴールデンイーグルス,広島東洋カープ,4,1,11,10,0,0,0,0,"0(0),0(0),0(0),2(0),0(0),0(0),0(0),2(0),x(1)",15186,https://npb.jp/scores/2022/0609/e-c-03/
2022年6月9日（木）,札幌ドーム,北海道日本ハムファイターズ,横浜DeNAベイスターズ,2,4,7,14,0,0,0,0,"0(0),0(0),0(0),2(1),0(1),0(0),0(0),0(2),0(0)",12927,https://npb.jp/scores/2022/0609/f-db-03/
2022年6月9日（木）,PayPayドーム,福岡ソフトバンクホークス,阪神タイガース,4,0,9,5,1,0,0,0,"1(0),0(0),1(0),1(0),1(0),0(0),0(0),0(0),x(0)",29675,https://npb.jp/scores/2022/0609/h-t-03/
2022年6月9日（木）,ベルーナドーム,埼玉西武ライオンズ,読売ジャイアンツ,3,4,7,13,1,0,0,0,"0(0),0(0),1(1),0(0),0(2),0(0),0(1),1(0),1(0)",16959,https://npb.jp/scores/2022/0609/l-g-03/
2022年6月9日（木）,ZOZOマリン,千葉ロッテマリーンズ,中日ドラゴンズ,2,0,7,5,0,0,0,0,"0(0),1(0),0(0),0(0),0(0),0(0),1(0),0(0),x(0)",14951,https://npb.jp/scores/2022/0609/m-d-03/
2022年6月10日（金）,京セラD大阪,オリックス・バファローズ,阪神タイガース,1,6,6,8,2,1,0,0,"0(1),0(0),0(0),0(0),0(4),0(1),0(0),1(0),0(0)",22775,https://npb.jp/scores/2022/0610/b-t-01/
2022年6月10日（金）,楽天生命パーク,東北楽天ゴールデンイーグルス,読売ジャイアンツ,1,4,4,7,0,0,0,0,"1(0),0(3),0(0),0(1),0(0),0(0),0(0),0(0),0(0)",19259,https://npb.jp/scores/2022/0610/e-g-01/
2022年6月10日（金）,札幌ドーム,北海道日本ハムファイターズ,中日ドラゴンズ,2,1,6,4,0,1,0,0,"0(0),0(0),0(0),0(0),1(0),0(0),0(1),0(0),0(0)",12673,https://npb.jp/scores/2022/0610/f-d-01/
2022年6月10日（金）,PayPayドーム,福岡ソフトバンクホークス,東京ヤクルトスワローズ,1,3,9,8,0,0,0,0,"1(1),0(0),0(0),0(1),0(0),0(0),0(0),0(1),0(0)",30026,https://npb.jp/scores/2022/0610/h-s-01/
2022年6月10日（金）,ベルーナドーム,埼玉西武ライオンズ,広島東洋カープ,3,6,4,11,1,1,0,0,"2(0),0(1),0(1),1(1),0(1),0(1),0(1),0(0),0(0)",17994,https://npb.jp/scores/2022/0610/l-c-01/
2022年6月10日（金）,ZOZOマリン,千葉ロッテマリーンズ,横浜DeNAベイスターズ,2,1,5,8,0,0,0,0,"0(0),0(0),1(0),0(1),0(0),1(0),0(0),0(0),x(0)",21664,https://npb.jp/scores/2022/0610/m-db-01/
2022年6月11日（土）,京セラD大阪,オリックス・バファローズ,阪神タイガース,2,3,15,10,1,1,0,0,"1(0),0(0),0(0),0(0),1(0),0(0),0(0),0(2),0(0)",33323,https://npb.jp/scores/2022/0611/b-t-02/
2022年6月11日（土）,楽天生命パーク,東北楽天ゴールデンイーグルス,読売ジャイアンツ,8,1,11,8,0,1,0,0,"0(0),3(0),0(0),0(1),0(0),0(0),4(0),1(0),x(0)",25585,https://npb.jp/scores/2022/0611/e-g-02/
2022年6月11日（土）,札幌ドーム,北海道日本ハムファイターズ,中日ドラゴンズ,10,0,13,5,0,0,0,0,"3(0),0(0),0(0),0(0),3(0),0(0),3(0),1(0),x(0)",21632,https://npb.jp/scores/2022/0611/f-d-02/
2022年6月11日（土）,PayPayドーム,福岡ソフトバンクホークス,東京ヤクルトスワローズ,4,7,8,13,1,0,0,0,"2(0),0(1),0(0),2(0),0(2),0(4),0(0),0(0),0(0)",38683,https://npb.jp/scores/2022/0611/h-s-02/
2022年6月11日（土）,ベルーナドーム,埼玉西武ライオンズ,広島東洋カープ,2,1,12,7,0,0,0,0,"1(0),1(0),0(1),0(0),0(0),0(0),0(0),0(0),x(0)",24039,https://npb.jp/scores/2022/0611/l-c-02/
2022年6月11日（土）,ZOZOマリン,千葉ロッテマリーンズ,横浜DeNAベイスターズ,1,2,7,5,1,1,0,0,"0(0),0(1),0(0),0(0),0(0),1(0),0(0),0(0),0(0)",28116,https://npb.jp/scores/2022/0611/m-db-02/
2022年6月12日（日）,京セラD大阪,オリックス・バファローズ,阪神タイガース,1,9,5,11,0,0,0,0,"0(0),0(0),0(2),0(0),0(2),0(0),0(2),0(0),1(3)",31855,https://npb.jp/scores/2022/0612/b-t-03/
2022年6月12日（日）,楽天生命パーク,東北楽天ゴールデンイーグルス,読売ジャイアンツ,9,2,9,6,1,0,0,0,"0(0),9(0),0(0),0(0),0(0),0(1),0(1),0(0),x(0)",22870,https://npb.jp/scores/2022/0612/e-g-03/
2022年6月12日（日）,札幌ドーム,北海道日本ハムファイターズ,中日ドラゴンズ,2,0,8,7,0,0,0,0,"0(0),0(0),1(0),0(0),0(0),1(0),0(0),0(0),x(0)",17687,https://npb.jp/scores/2022/0612/f-d-03/
2022年6月12日（日）,PayPayドーム,福岡ソフトバンクホークス,東京ヤクルトスワローズ,0,3,6,6,0,0,0,0,"0(0),0(0),0(0),0(0),0(0),0(0),0(0),0(3),0(0)",38777,https://npb.jp/scores/2022/0612/h-s-03/
2022年6月12日（日）,ベルーナドーム,埼玉西武ライオンズ,広島東洋カープ,11,0,12,3,1,0,0,0,"1(0),1(0),4(0),3(0),1(0),0(0),0(0),1(0),x(0)",22139,https://npb.jp/scores/2022/0612/l-c-03/
2022年6月12日（日）,ZOZOマリン,千葉ロッテマリーンズ,横浜DeNAベイスターズ,5,4,10,8,0,0,0,0,"2(0),0(0),0(0),0(0),0(0),2(2),0(0),1(0),x(2)",24160,https://npb.jp/scores/2022/0612/m-db-03/
2022年6月17日（金）,バンテリンドーム,中日ドラゴンズ,読売ジャイアンツ,2,0,9,3,0,1,0,0,"0(0),0(0),0(0),0(0),0(0),0(0),0(0),2(0),x(0)",25125,https://npb.jp/scores/2022/0617/d-g-10/
2022年6月17日（金）,札幌ドーム,北海道日本ハムファイターズ,千葉ロッテマリーンズ,4,7,11,9,4,0,0,0,"2(0),1(0),0(0),1(0),0(0),0(0),0(0),0(2),0(5)",15692,https://npb.jp/scores/2022/0617/f-m-07/
2022年6月17日（金）,PayPayドーム,福岡ソフトバンクホークス,東北楽天ゴールデンイーグルス,9,4,13,10,0,0,0,0,"1(0),0(1),4(2),0(0),2(0),0(1),2(0),0(0),x(0)",31322,https://npb.jp/scores/2022/0617/h-e-06/
2022年6月17日（金）,ベルーナドーム,埼玉西武ライオンズ,オリックス・バファローズ,4,2,8,7,0,1,0,0,"0(0),0(0),0(0),2(0),0(0),2(0),0(1),0(1),x(0)",14360,https://npb.jp/scores/2022/0617/l-b-10/
2022年6月17日（金）,神　宮,東京ヤクルトスワローズ,広島東洋カープ,7,2,13,9,1,2,0,0,"0(0),0(0),3(1),1(0),1(0),0(0),0(0),2(0),x(1)",23522,https://npb.jp/scores/2022/0617/s-c-07/
2022年6月17日（金）,甲子園,阪神タイガース,横浜DeNAベイスターズ,7,5,9,8,1,0,0,0,"4(1),0(0),1(0),0(0),0(0),1(3),1(1),0(0),x(0)",37803,https://npb.jp/scores/2022/0617/t-db-08/
2022年6月18日（土）,バンテリンドーム,中日ドラゴンズ,読売ジャイアンツ,4,3,13,10,0,2,0,0,"1(0),1(0),0(3),0(0),0(0),1(0),0(0),0(0),1x(0)",34290,https://npb.jp/scores/2022/0618/d-g-11/
2022年6月18日（土）,札幌ドーム,北海道日本ハムファイターズ,千葉ロッテマリーンズ,1,3,6,9,1,1,0,0,"0(0),0(0),0(2),1(0),0(1),0(0),0(0),0(0),0(0)",22014,https://npb.jp/scores/2022/0618/f-m-08/
2022年6月18日（土）,PayPayドーム,福岡ソフトバンクホークス,東北楽天ゴールデンイーグルス,3,1,6,3,0,0,0,0,"0(0),0(0),0(0),1(0),0(0),0(0),0(0),0(0),0(1)",31057,https://npb.jp/scores/2022/0618/h-e-07/
2022年6月18日（土）,ベルーナドーム,埼玉西武ライオンズ,オリックス・バファローズ,0,2,0,9,0,0,0,0,"0(0),0(0),0(0),0(0),0(1),0(0),0(0),0(1),0(0)",16075,https://npb.jp/scores/2022/0618/l-b-11/
2022年6月18日（土）,神　宮,東京ヤクルトスワローズ,広島東洋カープ,10,6,17,13,2,2,0,0,"1(0),0(1),0(0),0(1),0(0),4(0),5(2),0(2),x(0)",25826,https://npb.jp/scores/2022/0618/s-c-08/
2022年6月18日（土）,甲子園,阪神タイガース,横浜DeNAベイスターズ,4,1,8,3,0,0,0,0,"2(1),0(0),2(0),0(0),0(0),0(0),0(0),0(0),x(0)",37874,https://npb.jp/scores/2022/0618/t-db-09/
2022年6月19日（日）,バンテリンドーム,中日ドラゴンズ,読売ジャイアンツ,3,5,9,8,0,0,0,0,"0(0),0(0),0(0),1(3),0(0),0(1),0(0),0(1),2(0)",31590,https://npb.jp/scores/2022/0619/d-g-12/
2022年6月19日（日）,札幌ドーム,北海道日本ハムファイターズ,千葉ロッテマリーンズ,2,4,9,9,0,0,0,0,"0(3),0(0),1(0),0(1),0(0),0(0),0(0),1(0),0(0)",16776,https://npb.jp/scores/2022/0619/f-m-09/
2022年6月19日（日）,PayPayドーム,福岡ソフトバンクホークス,東北楽天ゴールデンイーグルス,4,1,7,3,0,2,0,0,"2(0),0(0),1(0),0(0),0(0),1(1),0(0),0(0),x(0)",31595,https://npb.jp/scores/2022/0619/h-e-08/
2022年6月19日（日）,ベルーナドーム,埼玉西武ライオンズ,オリックス・バファローズ,3,2,3,7,0,0,0,0,"0(1),0(0),0(0),3(1),0(0),0(0),0(0),0(0),x(0)",16949,https://npb.jp/scores/2022/0619/l-b-12/
2022年6月19日（日）,神　宮,東京ヤクルトスワローズ,広島東洋カープ,8,3,12,8,0,1,0,0,"0(2),2(0),1(0),0(0),2(0),2(0),0(1),1(0),x(0)",26618,https://npb.jp/scores/2022/0619/s-c-09/
2022年6月19日（日）,甲子園,阪神タイガース,横浜DeNAベイスターズ,4,7,8,10,0,1,0,0,"0(0),3(0),0(3),0(0),0(0),0(1),1(0),0(3),0(0)",37468,https://npb.jp/scores/2022/0619/t-db-10/
2022年6月21日（火）,京セラD大阪,オリックス・バファローズ,福岡ソフトバンクホークス,4,3,8,9,0,1,0,0,"0(0),0(0),0(1),1(0),0(0),0(0),3(0),0(1),x(1)",16335,https://npb.jp/scores/2022/0621/b-h-10/
2022年6月21日（火）,マツダスタジアム,広島東洋カープ,阪神タイガース,5,3,9,7,1,1,0,0,"1(0),0(0),0(0),0(0),4(0),0(0),0(2),0(0),x(1)",24339,https://npb.jp/scores/2022/0621/c-t-09/
2022年6月21日（火）,バンテリンドーム,中日ドラゴンズ,東京ヤクルトスワローズ,2,1,5,4,0,1,0,0,"0(0),0(0),0(1),0(0),0(0),0(0),0(0),1(0),0(0)",19725,https://npb.jp/scores/2022/0621/d-s-09/
2022年6月21日（火）,秋　田,東北楽天ゴールデンイーグルス,北海道日本ハムファイターズ,3,0,8,4,1,1,0,0,"0(0),0(0),0(0),0(0),2(0),1(0),0(0),0(0),x(0)",17128,https://npb.jp/scores/2022/0621/e-f-10/
2022年6月21日（火）,東京ドーム,読売ジャイアンツ,横浜DeNAベイスターズ,1,3,11,7,0,0,0,0,"0(0),0(0),0(0),0(0),0(1),1(0),0(0),0(2),0(0)",34503,https://npb.jp/scores/2022/0621/g-db-08/
2022年6月21日（火）,ZOZOマリン,千葉ロッテマリーンズ,埼玉西武ライオンズ,0,3,2,7,1,1,0,0,"0(0),0(0),0(0),0(0),0(0),0(0),0(1),0(2),0(0)",13060,https://npb.jp/scores/2022/0621/m-l-09/
2022年6月22日（水）,京セラD大阪,オリックス・バファローズ,福岡ソフトバンクホークス,5,0,10,4,0,0,0,0,"0(0),0(0),0(0),0(0),0(0),3(0),2(0),0(0),x(0)",16252,https://npb.jp/scores/2022/0622/b-h-11/
2022年6月22日（水）,マツダスタジアム,広島東洋カープ,阪神タイガース,5,4,14,10,1,1,0,0,"0(0),1(0),1(1),0(0),1(1),0(0),0(1),0(0),0(0)",27363,https://npb.jp/scores/2022/0622/c-t-10/
2022年6月22日（水）,バンテリンドーム,中日ドラゴンズ,東京ヤクルトスワローズ,3,7,8,12,1,0,0,0,"0(3),1(0),0(0),0(0),2(0),0(2),0(2),0(0),0(0)",21122,https://npb.jp/scores/2022/0622/d-s-10/
2022年6月22日（水）,盛　岡,東北楽天ゴールデンイーグルス,北海道日本ハムファイターズ,6,3,11,6,0,3,0,0,"0(0),0(0),1(2),2(0),0(0),0(0),0(0),0(1),3x(0)",15585,https://npb.jp/scores/2022/0622/e-f-11/
2022年6月22日（水）,東京ドーム,読売ジャイアンツ,横浜DeNAベイスターズ,5,4,9,7,0,0,0,0,"3(1),0(1),1(1),0(0),0(1),0(0),1(0),0(0),x(0)",29782,https://npb.jp/scores/2022/0622/g-db-09/
2022年6月22日（水）,ZOZOマリン,千葉ロッテマリーンズ,埼玉西武ライオンズ,2,1,7,7,0,0,0,0,"0(0),0(0),0(0),1(0),0(0),0(0),0(0),1(0),x(1)",15464,https://npb.jp/scores/2022/0622/m-l-10/
2022年6月23日（木）,マツダスタジアム,広島東洋カープ,阪神タイガース,3,3,10,10,1,0,0,0,"0(2),0(0),0(0),0(0),2(0),0(0),1(0),0(0),0(1)",24194,https://npb.jp/scores/2022/0623/c-t-11/
2022年6月23日（木）,バンテリンドーム,中日ドラゴンズ,東京ヤクルトスワローズ,0,10,6,14,0,0,0,0,"0(4),0(0),0(0),0(3),0(0),0(0),0(1),0(2),0(0)",18595,https://npb.jp/scores/2022/0623/d-s-11/
2022年6月23日（木）,東京ドーム,読売ジャイアンツ,横浜DeNAベイスターズ,5,7,12,16,0,0,0,0,"0(1),0(2),0(0),0(2),0(0),4(2),1(0),0(0),0(0)",26334,https://npb.jp/scores/2022/0623/g-db-10/
2022年6月24日（金）,横　浜,横浜DeNAベイスターズ,広島東洋カープ,0,7,6,13,1,0,0,0,"0(2),0(0),0(2),0(1),0(0),0(0),0(1),0(0),0(1)",27917,https://npb.jp/scores/2022/0624/db-c-10/
2022年6月24日（金）,楽天生命パーク,東北楽天ゴールデンイーグルス,埼玉西武ライオンズ,3,4,10,6,1,1,0,0,"1(0),1(0),0(2),0(1),0(0),1(1),0(0),0(0),0(0)",18045,https://npb.jp/scores/2022/0624/e-l-09/
2022年6月24日（金）,PayPayドーム,福岡ソフトバンクホークス,北海道日本ハムファイターズ,5,1,10,4,0,0,0,0,"2(0),1(1),0(0),1(0),0(0),1(0),0(0),0(0),x(0)",33481,https://npb.jp/scores/2022/0624/h-f-10/
2022年6月24日（金）,ZOZOマリン,千葉ロッテマリーンズ,オリックス・バファローズ,0,5,4,9,1,0,0,0,"0(0),0(1),0(0),0(0),0(0),0(2),0(0),0(0),0(2)",24038,https://npb.jp/scores/2022/0624/m-b-10/
2022年6月24日（金）,神　宮,東京ヤクルトスワローズ,読売ジャイアンツ,16,6,19,12,0,2,0,0,"4(0),0(0),3(1),0(0),0(0),4(1),4(1),1(1),x(2)",26767,https://npb.jp/scores/2022/0624/s-g-10/
2022年6月24日（金）,甲子園,阪神タイガース,中日ドラゴンズ,6,4,11,11,1,1,0,0,"0(0),2(0),0(2),0(0),0(0),2(0),0(0),2(2),x(0)",34757,https://npb.jp/scores/2022/0624/t-d-09/
2022年6月25日（土）,横　浜,横浜DeNAベイスターズ,広島東洋カープ,4,5,11,11,0,1,0,0,"0(0),2(0),1(5),0(0),0(0),0(0),1(0),0(0),0(0)",24015,https://npb.jp/scores/2022/0625/db-c-11/
2022年6月25日（土）,楽天生命パーク,東北楽天ゴールデンイーグルス,埼玉西武ライオンズ,0,2,3,4,0,0,0,0,"0(0),0(0),0(0),0(0),0(0),0(0),0(2),0(0),0(0)",24914,https://npb.jp/scores/2022/0625/e-l-10/
2022年6月25日（土）,PayPayドーム,福岡ソフトバンクホークス,北海道日本ハムファイターズ,3,0,8,4,0,0,0,0,"0(0),0(0),0(0),2(0),0(0),0(0),0(0),1(0),x(0)",35637,https://npb.jp/scores/2022/0625/h-f-11/
2022年6月25日（土）,ZOZOマリン,千葉ロッテマリーンズ,オリックス・バファローズ,0,4,5,14,0,0,0,0,"0(1),0(1),0(0),0(1),0(0),0(0),0(1),0(0),0(0)",23873,https://npb.jp/scores/2022/0625/m-b-11/
2022年6月25日（土）,神　宮,東京ヤクルトスワローズ,読売ジャイアンツ,5,19,9,19,1,0,0,0,"0(4),0(1),0(1),2(0),0(1),2(5),0(3),0(0),1(4)",27159,https://npb.jp/scores/2022/0625/s-g-11/
2022年6月25日（土）,甲子園,阪神タイガース,中日ドラゴンズ,10,0,14,9,2,1,0,0,"1(0),3(0),1(0),4(0),0(0),1(0),0(0),0(0),x(0)",37553,https://npb.jp/scores/2022/0625/t-d-10/
2022年6月26日（日）,横　浜,横浜DeNAベイスターズ,広島東洋カープ,3,4,11,12,0,0,0,0,"1(0),0(0),0(0),0(0),0(0),0(2),0(0),1(1),1(0)",22767,https://npb.jp/scores/2022/0626/db-c-12/
2022年6月26日（日）,楽天生命パーク,東北楽天ゴールデンイーグルス,埼玉西武ライオンズ,0,2,5,9,2,0,0,0,"0(0),0(0),0(0),0(1),0(0),0(1),0(0),0(0),0(0)",22367,https://npb.jp/scores/2022/0626/e-l-11/
2022年6月26日（日）,PayPayドーム,福岡ソフトバンクホークス,北海道日本ハムファイターズ,2,3,5,7,2,1,0,0,"0(0),1(0),0(0),0(0),0(1),1(0),0(0),0(1),0(0)",34087,https://npb.jp/scores/2022/0626/h-f-12/
2022年6月26日（日）,ZOZOマリン,千葉ロッテマリーンズ,オリックス・バファローズ,3,2,7,4,0,0,0,0,"0(0),1(0),0(0),0(0),1(0),0(2),0(0),0(0),0(0)",21767,https://npb.jp/scores/2022/0626/m-b-12/
2022年6月26日（日）,神　宮,東京ヤクルトスワローズ,読売ジャイアンツ,11,10,14,14,1,2,0,0,"1(3),0(0),6(2),0(0),0(0),0(2),1(1),3(0),x(2)",25440,https://npb.jp/scores/2022/0626/s-g-12/
2022年6月26日（日）,甲子園,阪神タイガース,中日ドラゴンズ,6,5,15,15,1,1,0,0,"3(0),0(0),0(0),0(3),0(1),0(0),0(1),2(0),0(0)",42085,https://npb.jp/scores/2022/0626/t-d-11/
2022年6月27日（月）,東京ドーム,福岡ソフトバンクホークス,千葉ロッテマリーンズ,1,8,9,11,0,0,0,0,"0(0),0(0),0(4),0(0),0(0),0(0),0(0),1(1),0(3)",41791,https://npb.jp/scores/2022/0627/h-m-12/
2022年6月28日（火）,ほっと神戸,オリックス・バファローズ,東北楽天ゴールデンイーグルス,2,4,11,10,0,1,0,0,"0(0),0(1),0(1),0(0),0(0),0(0),0(0),1(0),1(2)",16961,https://npb.jp/scores/2022/0628/b-e-10/
2022年6月28日（火）,マツダスタジアム,広島東洋カープ,東京ヤクルトスワローズ,3,6,11,8,0,0,0,0,"0(0),0(0),0(0),3(0),0(0),0(4),0(1),0(1),0(0)",23883,https://npb.jp/scores/2022/0628/c-s-10/
2022年6月28日（火）,横　浜,横浜DeNAベイスターズ,阪神タイガース,6,2,7,6,2,1,0,0,"0(2),0(0),2(0),0(0),1(0),3(0),0(0),0(0),x(0)",24207,https://npb.jp/scores/2022/0628/db-t-11/
2022年6月28日（火）,山　形,読売ジャイアンツ,中日ドラゴンズ,6,2,9,10,0,0,0,0,"1(0),0(0),0(1),0(0),2(0),0(1),3(0),0(0),x(0)",11562,https://npb.jp/scores/2022/0628/g-d-13/
2022年6月28日（火）,ベルーナドーム,埼玉西武ライオンズ,北海道日本ハムファイターズ,5,2,9,7,0,0,0,0,"3(0),0(1),0(1),0(0),0(0),0(0),0(0),2(0),x(0)",10520,https://npb.jp/scores/2022/0628/l-f-12/
2022年6月29日（水）,ほっと神戸,オリックス・バファローズ,東北楽天ゴールデンイーグルス,6,1,10,9,0,0,0,0,"0(0),0(1),0(0),2(0),3(0),0(0),1(0),0(0),x(0)",17093,https://npb.jp/scores/2022/0629/b-e-11/
2022年6月29日（水）,マツダスタジアム,広島東洋カープ,東京ヤクルトスワローズ,2,9,11,16,2,0,0,0,"0(0),0(0),0(0),0(2),0(0),0(0),1(1),0(2),1(4)",24052,https://npb.jp/scores/2022/0629/c-s-11/
2022年6月29日（水）,横　浜,横浜DeNAベイスターズ,阪神タイガース,4,2,5,10,2,2,0,0,"2(1),0(1),0(0),2(0),0(0),0(0),0(0),0(0),x(0)",24210,https://npb.jp/scores/2022/0629/db-t-12/
2022年6月29日（水）,郡　山,読売ジャイアンツ,中日ドラゴンズ,2,3,8,13,0,1,0,0,"0(1),1(0),1(0),0(0),0(1),0(0),0(0),0(0),0(0)",10575,https://npb.jp/scores/2022/0629/g-d-14/
2022年6月29日（水）,ベルーナドーム,埼玉西武ライオンズ,北海道日本ハムファイターズ,6,2,8,3,0,0,0,0,"2(0),0(0),1(0),0(0),0(0),2(1),0(0),1(0),x(1)",10786,https://npb.jp/scores/2022/0629/l-f-13/
2022年6月30日（木）,マツダスタジアム,広島東洋カープ,東京ヤクルトスワローズ,2,4,7,9,2,1,0,0,"0(0),0(0),0(1),0(0),0(0),1(0),0(0),0(0),0(0)",24100,https://npb.jp/scores/2022/0630/c-s-12/
2022年6月30日（木）,横　浜,横浜DeNAベイスターズ,阪神タイガース,6,5,13,11,1,1,0,0,"4(0),0(0),0(0),0(0),0(2),0(1),0(1),0(1),2x(0)",23604,https://npb.jp/scores/2022/0630/db-t-13/
2022年7月1日（金）,マツダスタジアム,広島東洋カープ,読売ジャイアンツ,5,3,9,8,1,0,0,0,"2(0),0(1),0(0),1(0),2(0),0(2),0(0),0(0),x(0)",30263,https://npb.jp/scores/2022/0701/c-g-13/
2022年7月1日（金）,バンテリンドーム,中日ドラゴンズ,阪神タイガース,3,1,6,6,1,0,0,0,"0(0),0(0),1(0),0(0),0(0),0(0),0(0),2(1),x(0)",20984,https://npb.jp/scores/2022/0701/d-t-12/
2022年7月1日（金）,札幌ドーム,北海道日本ハムファイターズ,オリックス・バファローズ,2,1,4,9,0,2,0,0,"0(0),1(0),0(0),1(0),0(0),0(0),0(1),0(0),x(0)",13934,https://npb.jp/scores/2022/0701/f-b-11/
2022年7月1日（金）,ZOZOマリン,千葉ロッテマリーンズ,東北楽天ゴールデンイーグルス,6,4,10,10,0,0,0,0,"1(0),0(0),0(0),1(0),0(3),0(0),2(1),2(0),x(0)",20194,https://npb.jp/scores/2022/0701/m-e-12/
2022年7月1日（金）,神　宮,東京ヤクルトスワローズ,横浜DeNAベイスターズ,4,6,9,11,0,0,0,0,"0(1),1(2),2(0),0(1),1(1),0(0),0(0),0(0),0(1)",25184,https://npb.jp/scores/2022/0701/s-db-10/
2022年7月2日（土）,マツダスタジアム,広島東洋カープ,読売ジャイアンツ,2,0,8,5,0,0,0,0,"0(0),0(0),0(0),0(0),0(0),0(0),0(0),0(0),2x(0)",30465,https://npb.jp/scores/2022/0702/c-g-14/
2022年7月2日（土）,バンテリンドーム,中日ドラゴンズ,阪神タイガース,2,5,9,7,0,2,0,0,"0(0),0(0),0(4),0(0),0(0),0(0),2(0),0(1),0(0)",29451,https://npb.jp/scores/2022/0702/d-t-13/
2022年7月2日（土）,札幌ドーム,北海道日本ハムファイターズ,オリックス・バファローズ,5,0,9,5,0,0,0,0,"1(0),0(0),0(0),0(0),0(0),2(0),2(0),0(0),x(0)",30223,https://npb.jp/scores/2022/0702/f-b-12/
2022年7月2日（土）,ベルーナドーム,埼玉西武ライオンズ,福岡ソフトバンクホークス,2,3,6,9,0,0,0,0,"0(1),0(0),1(0),0(0),0(0),0(0),0(0),1(0),0(2)",19768,https://npb.jp/scores/2022/0702/l-h-10/
2022年7月2日（土）,ZOZOマリン,千葉ロッテマリーンズ,東北楽天ゴールデンイーグルス,3,1,4,5,0,1,0,0,"0(0),0(1),0(0),0(0),1(0),0(0),0(0),2(0),x(0)",19090,https://npb.jp/scores/2022/0702/m-e-13/
2022年7月2日（土）,神　宮,東京ヤクルトスワローズ,横浜DeNAベイスターズ,2,1,9,6,0,0,0,0,"0(0),0(0),0(0),0(0),0(0),0(0),0(1),1(0),0(0)",27287,https://npb.jp/scores/2022/0702/s-db-11/
2022年7月3日（日）,マツダスタジアム,広島東洋カープ,読売ジャイアンツ,5,7,8,12,1,2,0,0,"0(0),0(0),0(0),3(0),0(1),0(2),2(2),0(1),0(1)",30496,https://npb.jp/scores/2022/0703/c-g-15/
2022年7月3日（日）,バンテリンドーム,中日ドラゴンズ,阪神タイガース,0,3,8,5,0,0,0,0,"0(0),0(2),0(1),0(0),0(0),0(0),0(0),0(0),0(0)",30929,https://npb.jp/scores/2022/0703/d-t-14/
2022年7月3日（日）,札幌ドーム,北海道日本ハムファイターズ,オリックス・バファローズ,3,7,7,10,0,0,0,0,"0(3),0(0),2(0),0(0),0(0),0(0),1(1),0(0),0(3)",14240,https://npb.jp/scores/2022/0703/f-b-13/
2022年7月3日（日）,ベルーナドーム,埼玉西武ライオンズ,福岡ソフトバンクホークス,0,3,1,6,0,0,0,0,"0(1),0(0),0(2),0(0),0(0),0(0),0(0),0(0),0(0)",26532,https://npb.jp/scores/2022/0703/l-h-11/
2022年7月3日（日）,ZOZOマリン,千葉ロッテマリーンズ,東北楽天ゴールデンイーグルス,1,14,7,21,0,0,0,0,"0(1),0(0),0(1),0(0),0(5),0(3),1(1),0(0),0(3)",17389,https://npb.jp/scores/2022/0703/m-e-14/
2022年7月3日（日）,神　宮,東京ヤクルトスワローズ,横浜DeNAベイスターズ,11,4,14,13,0,0,0,0,"5(0),1(1),0(0),1(0),1(2),2(0),1(0),0(0),x(1)",17037,https://npb.jp/scores/2022/0703/s-db-12/
2022年7月5日（火）,京セラD大阪,オリックス・バファローズ,埼玉西武ライオンズ,4,5,10,13,0,1,0,0,"0(0),1(0),0(0),0(0),0(0),0(0),2(3),1(1),0(0)",12033,https://npb.jp/scores/2022/0705/b-l-13/
2022年7月5日（火）,横　浜,横浜DeNAベイスターズ,中日ドラゴンズ,,,,,,,0,0,"(),(),(),(),(),(),(),(),()",0,https://npb.jp/scores/2022/0705/db-d-09/
2022年7月5日（火）,弘　前,東北楽天ゴールデンイーグルス,福岡ソフトバンクホークス,2,6,2,10,0,1,0,0,"0(0),0(0),0(4),0(2),1(0),1(0),0(0),0(0),0(0)",10191,https://npb.jp/scores/2022/0705/e-h-09/
2022年7月5日（火）,東京ドーム,読売ジャイアンツ,東京ヤクルトスワローズ,4,1,9,6,0,0,0,0,"3(1),0(0),0(0),1(0),0(0),0(0),0(0),0(0),x(0)",28817,https://npb.jp/scores/2022/0705/g-s-13/
2022年7月5日（火）,ZOZOマリン,千葉ロッテマリーンズ,北海道日本ハムファイターズ,2,1,7,4,0,1,0,0,"0(0),0(1),0(0),0(0),0(0),0(0),1(0),0(0),0(0)",12547,https://npb.jp/scores/2022/0705/m-f-10/
2022年7月5日（火）,甲子園,阪神タイガース,広島東洋カープ,,,,,,,0,0,"(),(),(),(),(),(),(),(),()",0,https://npb.jp/scores/2022/0705/t-c-12/
2022年7月6日（水）,京セラD大阪,オリックス・バファローズ,埼玉西武ライオンズ,4,5,11,13,1,0,0,0,"0(0),1(0),0(0),0(1),0(0),1(1),0(1),2(1),0(0)",13368,https://npb.jp/scores/2022/0706/b-l-14/
2022年7月6日（水）,横　浜,横浜DeNAベイスターズ,中日ドラゴンズ,3,1,7,6,1,1,0,0,"3(0),0(0),0(1),0(0),0(0),0(0),0(0),0(0),x(0)",20281,https://npb.jp/scores/2022/0706/db-d-09/
2022年7月6日（水）,東京ドーム,読売ジャイアンツ,東京ヤクルトスワローズ,4,3,10,9,0,0,0,0,"0(0),1(0),0(1),1(0),1(0),0(0),0(0),0(2),0(0)",30735,https://npb.jp/scores/2022/0706/g-s-14/
2022年7月6日（水）,ZOZOマリン,千葉ロッテマリーンズ,北海道日本ハムファイターズ,5,4,5,8,0,0,0,0,"1(0),0(0),0(1),4(1),0(1),0(1),0(0),0(0),x(0)",12767,https://npb.jp/scores/2022/0706/m-f-11/
2022年7月6日（水）,甲子園,阪神タイガース,広島東洋カープ,3,2,5,2,1,0,0,0,"0(0),0(2),0(0),3(0),0(0),0(0),0(0),0(0),x(0)",36890,https://npb.jp/scores/2022/0706/t-c-12/
2022年7月7日（木）,京セラD大阪,オリックス・バファローズ,埼玉西武ライオンズ,6,2,7,4,0,1,0,0,"0(0),0(0),0(0),0(0),0(0),3(0),3(0),0(2),x(0)",13692,https://npb.jp/scores/2022/0707/b-l-15/
2022年7月7日（木）,横　浜,横浜DeNAベイスターズ,中日ドラゴンズ,0,0,4,5,0,0,0,0,"0(0),0(0),0(0),0(0),0(0),0(0),0(0),0(0),0(0)",24533,https://npb.jp/scores/2022/0707/db-d-10/
2022年7月7日（木）,楽天生命パーク,東北楽天ゴールデンイーグルス,福岡ソフトバンクホークス,5,2,7,6,0,1,0,0,"0(0),0(0),1(0),1(0),0(0),0(0),3(0),0(0),x(2)",20058,https://npb.jp/scores/2022/0707/e-h-10/
2022年7月7日（木）,東京ドーム,読売ジャイアンツ,東京ヤクルトスワローズ,3,11,9,16,0,0,0,0,"1(5),0(0),0(0),0(1),2(0),0(2),0(2),0(0),0(1)",27390,https://npb.jp/scores/2022/0707/g-s-15/
2022年7月7日（木）,ZOZOマリン,千葉ロッテマリーンズ,北海道日本ハムファイターズ,1,7,5,11,2,1,0,0,"0(0),1(1),0(2),0(0),0(2),0(0),0(2),0(0),0(0)",12234,https://npb.jp/scores/2022/0707/m-f-12/
2022年7月7日（木）,甲子園,阪神タイガース,広島東洋カープ,0,3,4,9,0,0,0,0,"0(0),0(1),0(0),0(0),0(0),0(0),0(0),0(0),0(2)",38277,https://npb.jp/scores/2022/0707/t-c-13/
2022年7月8日（金）,京セラD大阪,オリックス・バファローズ,千葉ロッテマリーンズ,1,6,5,7,2,0,0,0,"0(0),0(0),0(0),0(3),0(0),0(3),0(0),0(0),1(0)",18156,https://npb.jp/scores/2022/0708/b-m-13/
2022年7月8日（金）,バンテリンドーム,中日ドラゴンズ,広島東洋カープ,9,2,17,9,1,2,0,0,"1(0),2(0),4(2),0(0),0(0),1(0),0(0),1(0),x(0)",20173,https://npb.jp/scores/2022/0708/d-c-12/
2022年7月8日（金）,楽天生命パーク,東北楽天ゴールデンイーグルス,埼玉西武ライオンズ,4,8,7,13,1,0,0,0,"0(1),0(2),0(1),1(0),0(0),3(0),0(0),0(1),0(3)",22605,https://npb.jp/scores/2022/0708/e-l-12/
2022年7月8日（金）,東京ドーム,読売ジャイアンツ,横浜DeNAベイスターズ,3,3,5,7,0,0,0,0,"0(0),0(0),0(0),0(1),0(0),0(0),0(0),0(0),1(0)",29808,https://npb.jp/scores/2022/0708/g-db-11/
2022年7月8日（金）,PayPayドーム,福岡ソフトバンクホークス,北海道日本ハムファイターズ,2,4,7,11,1,0,0,0,"0(2),0(0),0(0),0(0),1(0),0(0),0(0),1(0),0(0)",33147,https://npb.jp/scores/2022/0708/h-f-13/
2022年7月8日（金）,神　宮,東京ヤクルトスワローズ,阪神タイガース,0,8,3,11,1,0,0,0,"0(1),0(0),0(0),0(0),0(0),0(2),0(5),0(0),0(0)",29042,https://npb.jp/scores/2022/0708/s-t-13/
2022年7月9日（土）,ほっと神戸,オリックス・バファローズ,千葉ロッテマリーンズ,3,1,9,7,0,0,0,0,"1(0),0(0),1(0),0(1),0(0),0(0),0(0),1(0),x(0)",24748,https://npb.jp/scores/2022/0709/b-m-14/
2022年7月9日（土）,バンテリンドーム,中日ドラゴンズ,広島東洋カープ,0,7,7,9,1,1,0,0,"0(0),0(1),0(0),0(0),0(0),0(5),0(0),0(0),0(1)",30803,https://npb.jp/scores/2022/0709/d-c-13/
2022年7月9日（土）,楽天生命パーク,東北楽天ゴールデンイーグルス,埼玉西武ライオンズ,3,6,9,11,0,0,0,0,"2(0),0(0),1(1),0(0),0(2),0(0),0(0),0(3),0(0)",19969,https://npb.jp/scores/2022/0709/e-l-13/
2022年7月9日（土）,東京ドーム,読売ジャイアンツ,横浜DeNAベイスターズ,0,2,6,12,1,0,0,0,"0(0),0(0),0(0),0(1),0(0),0(0),0(0),0(0),0(1)",39821,https://npb.jp/scores/2022/0709/g-db-12/
2022年7月9日（土）,PayPayドーム,福岡ソフトバンクホークス,北海道日本ハムファイターズ,2,7,5,11,0,1,0,0,"2(0),0(0),0(0),0(2),0(1),0(0),0(1),0(0),0(3)",37596,https://npb.jp/scores/2022/0709/h-f-14/
2022年7月9日（土）,神　宮,東京ヤクルトスワローズ,阪神タイガース,,,,,,,0,0,"(),(),(),(),(),(),(),(),()",0,https://npb.jp/scores/2022/0709/s-t-14/
2022年7月10日（日）,ほっと神戸,オリックス・バファローズ,千葉ロッテマリーンズ,10,1,16,6,0,1,0,0,"1(1),1(0),0(0),0(0),2(0),1(0),1(0),4(0),x(0)",28821,https://npb.jp/scores/2022/0710/b-m-15/
2022年7月10日（日）,バンテリンドーム,中日ドラゴンズ,広島東洋カープ,2,1,6,5,1,1,0,0,"1(0),1(0),0(0),0(0),0(0),0(0),0(1),0(0),x(0)",36218,https://npb.jp/scores/2022/0710/d-c-14/
2022年7月10日（日）,楽天生命パーク,東北楽天ゴールデンイーグルス,埼玉西武ライオンズ,3,6,11,10,0,1,0,0,"1(3),1(1),0(0),0(0),0(2),0(0),0(0),0(0),1(0)",21791,https://npb.jp/scores/2022/0710/e-l-14/
2022年7月10日（日）,東京ドーム,読売ジャイアンツ,横浜DeNAベイスターズ,4,8,10,10,1,0,0,0,"0(0),0(0),0(2),1(0),0(0),3(2),0(0),0(0),0(0)",38121,https://npb.jp/scores/2022/0710/g-db-13/
2022年7月10日（日）,PayPayドーム,福岡ソフトバンクホークス,北海道日本ハムファイターズ,0,2,7,7,0,0,0,0,"0(0),0(0),0(0),0(0),0(0),0(2),0(0),0(0),0(0)",36543,https://npb.jp/scores/2022/0710/h-f-15/
2022年7月10日（日）,神　宮,東京ヤクルトスワローズ,阪神タイガース,,,,,,,0,0,"(),(),(),(),(),(),(),(),()",0,https://npb.jp/scores/2022/0710/s-t-14/
2022年7月12日（火）,マツダスタジアム,広島東洋カープ,横浜DeNAベイスターズ,4,7,7,12,2,0,0,0,"0(2),0(0),0(1),0(0),1(0),1(0),0(1),2(3),0(0)",29208,https://npb.jp/scores/2022/0712/c-db-13/
2022年7月12日（火）,豊　橋,中日ドラゴンズ,東京ヤクルトスワローズ,,,,,,,0,0,"(),(),(),(),(),(),(),(),()",0,https://npb.jp/scores/2022/0712/d-s-12/
2022年7月12日（火）,PayPayドーム,福岡ソフトバンクホークス,オリックス・バファローズ,2,4,8,10,0,0,0,0,"0(1),0(0),0(1),0(0),0(1),1(0),1(1),0(0),0(0)",30516,https://npb.jp/scores/2022/0712/h-b-12/
2022年7月12日（火）,ベルーナドーム,埼玉西武ライオンズ,千葉ロッテマリーンズ,2,4,5,10,4,0,0,0,"0(0),0(0),0(0),0(0),1(2),0(1),0(1),0(0),1(0)",8889,https://npb.jp/scores/2022/0712/l-m-11/
2022年7月12日（火）,甲子園,阪神タイガース,読売ジャイアンツ,0,4,8,6,0,0,0,0,"0(3),0(0),0(0),0(1),0(0),0(0),0(0),0(0),0(0)",38753,https://npb.jp/scores/2022/0712/t-g-13/
2022年7月13日（水）,マツダスタジアム,広島東洋カープ,横浜DeNAベイスターズ,4,1,7,7,1,2,0,0,"0(1),0(0),1(0),1(0),0(0),2(0),0(0),0(0),x(0)",24574,https://npb.jp/scores/2022/0713/c-db-14/
2022年7月13日（水）,バンテリンドーム,中日ドラゴンズ,東京ヤクルトスワローズ,6,3,8,6,1,0,0,0,"0(2),0(0),0(0),0(1),0(0),1(0),4(0),1(0),x(0)",19482,https://npb.jp/scores/2022/0713/d-s-12/
2022年7月13日（水）,静　岡,北海道日本ハムファイターズ,東北楽天ゴールデンイーグルス,3,2,6,8,0,0,0,0,"0(0),0(0),0(0),0(0),0(0),0(0),3(1),0(1),x(0)",12535,https://npb.jp/scores/2022/0713/f-e-12/
2022年7月13日（水）,PayPayドーム,福岡ソフトバンクホークス,オリックス・バファローズ,4,2,6,1,1,2,0,0,"2(0),1(0),0(0),1(0),0(0),0(0),0(2),0(0),x(0)",29523,https://npb.jp/scores/2022/0713/h-b-13/
2022年7月13日（水）,ベルーナドーム,埼玉西武ライオンズ,千葉ロッテマリーンズ,3,0,7,6,0,0,0,0,"0(0),1(0),0(0),0(0),0(0),0(0),1(0),1(0),x(0)",8896,https://npb.jp/scores/2022/0713/l-m-12/
2022年7月13日（水）,甲子園,阪神タイガース,読売ジャイアンツ,13,0,19,4,2,4,0,0,"3(0),3(0),1(0),0(0),0(0),1(0),1(0),4(0),x(0)",39124,https://npb.jp/scores/2022/0713/t-g-14/
2022年7月14日（木）,マツダスタジアム,広島東洋カープ,横浜DeNAベイスターズ,3,4,6,6,3,0,0,0,"0(0),0(0),2(3),0(0),1(0),0(1),0(0),0(0),0(0)",24479,https://npb.jp/scores/2022/0714/c-db-15/
2022年7月14日（木）,バンテリンドーム,中日ドラゴンズ,東京ヤクルトスワローズ,4,1,11,6,0,0,0,0,"1(1),0(0),1(0),0(0),0(0),0(0),2(0),0(0),x(0)",18760,https://npb.jp/scores/2022/0714/d-s-13/
2022年7月14日（木）,静　岡,北海道日本ハムファイターズ,東北楽天ゴールデンイーグルス,6,0,8,7,1,0,0,0,"0(0),0(0),0(0),0(0),3(0),0(0),0(0),3(0),x(0)",10449,https://npb.jp/scores/2022/0714/f-e-13/
2022年7月14日（木）,PayPayドーム,福岡ソフトバンクホークス,オリックス・バファローズ,2,3,4,6,0,0,0,0,"0(0),0(0),0(0),0(2),0(0),0(0),2(0),0(1),0(0)",29318,https://npb.jp/scores/2022/0714/h-b-14/
2022年7月14日（木）,ベルーナドーム,埼玉西武ライオンズ,千葉ロッテマリーンズ,2,1,7,8,1,0,0,0,"0(0),0(0),0(0),0(0),2(1),0(0),0(0),0(0),x(0)",8382,https://npb.jp/scores/2022/0714/l-m-13/
2022年7月14日（木）,甲子園,阪神タイガース,読売ジャイアンツ,3,0,8,4,0,1,0,0,"1(0),0(0),0(0),1(0),0(0),0(0),1(0),0(0),x(0)",38032,https://npb.jp/scores/2022/0714/t-g-15/
2022年7月15日（金）,横　浜,横浜DeNAベイスターズ,東京ヤクルトスワローズ,,,,,,,0,0,"(),(),(),(),(),(),(),(),()",0,https://npb.jp/scores/2022/0715/db-s-13/
2022年7月15日（金）,東京ドーム,読売ジャイアンツ,広島東洋カープ,3,6,11,10,0,0,0,0,"0(2),0(0),0(0),1(0),0(0),1(0),0(0),0(0),0(0)",34971,https://npb.jp/scores/2022/0715/g-c-16/
2022年7月15日（金）,甲子園,阪神タイガース,中日ドラゴンズ,2,1,3,9,1,1,0,0,"0(1),2(0),0(0),0(0),0(0),0(0),0(0),0(0),x(0)",37436,https://npb.jp/scores/2022/0715/t-d-15/
2022年7月16日（土）,横　浜,横浜DeNAベイスターズ,東京ヤクルトスワローズ,3,2,9,3,0,2,0,0,"0(0),2(0),0(0),0(2),0(0),0(0),0(0),0(0),1x(0)",23615,https://npb.jp/scores/2022/0716/db-s-13/
2022年7月16日（土）,楽天生命パーク,東北楽天ゴールデンイーグルス,オリックス・バファローズ,7,3,10,7,0,2,0,0,"0(0),0(0),0(0),0(0),4(0),0(0),3(0),0(3),x(0)",18730,https://npb.jp/scores/2022/0716/e-b-12/
2022年7月16日（土）,札幌ドーム,北海道日本ハムファイターズ,埼玉西武ライオンズ,1,0,8,5,0,0,0,0,"0(0),0(0),0(0),0(0),0(0),1(0),0(0),0(0),x(0)",25058,https://npb.jp/scores/2022/0716/f-l-14/
2022年7月16日（土）,東京ドーム,読売ジャイアンツ,広島東洋カープ,4,11,8,16,0,0,0,0,"0(0),0(1),0(9),0(1),0(0),0(0),4(0),0(0),0(0)",40389,https://npb.jp/scores/2022/0716/g-c-17/
2022年7月16日（土）,ZOZOマリン,千葉ロッテマリーンズ,福岡ソフトバンクホークス,,,,,,,0,0,"(),(),(),(),(),(),(),(),()",0,https://npb.jp/scores/2022/0716/m-h-13/
2022年7月16日（土）,甲子園,阪神タイガース,中日ドラゴンズ,1,3,7,8,1,1,0,0,"0(0),0(1),0(0),0(0),0(0),0(0),0(0),0(0),1(0)",42582,https://npb.jp/scores/2022/0716/t-d-16/
2022年7月17日（日）,横　浜,横浜DeNAベイスターズ,東京ヤクルトスワローズ,10,2,15,8,0,0,0,0,"1(2),0(0),4(0),0(0),0(0),5(0),0(0),0(0),x(0)",26424,https://npb.jp/scores/2022/0717/db-s-14/
2022年7月17日（日）,楽天生命パーク,東北楽天ゴールデンイーグルス,オリックス・バファローズ,3,7,12,14,1,0,0,0,"0(2),1(2),1(0),0(0),0(2),0(1),0(0),0(0),1(0)",18158,https://npb.jp/scores/2022/0717/e-b-13/
2022年7月17日（日）,札幌ドーム,北海道日本ハムファイターズ,埼玉西武ライオンズ,3,4,8,8,0,0,0,0,"2(0),0(0),0(0),0(0),0(0),0(4),0(0),0(0),1(0)",25233,https://npb.jp/scores/2022/0717/f-l-15/
2022年7月17日（日）,東京ドーム,読売ジャイアンツ,広島東洋カープ,5,10,10,6,1,0,0,0,"2(0),0(0),2(0),1(6),0(0),0(0),0(1),0(2),0(1)",40564,https://npb.jp/scores/2022/0717/g-c-18/
2022年7月17日（日）,ZOZOマリン,千葉ロッテマリーンズ,福岡ソフトバンクホークス,3,5,9,13,0,0,0,0,"0(1),1(0),2(0),0(1),0(0),0(0),0(0),0(1),0(0)",23570,https://npb.jp/scores/2022/0717/m-h-13/
2022年7月17日（日）,甲子園,阪神タイガース,中日ドラゴンズ,3,1,8,4,2,2,0,0,"3(1),0(0),0(0),0(0),0(0),0(0),0(0),0(0),x(0)",42601,https://npb.jp/scores/2022/0717/t-d-17/
2022年7月18日（月）,マツダスタジアム,広島東洋カープ,阪神タイガース,,,,,,,0,0,"(),(),(),(),(),(),(),(),()",0,https://npb.jp/scores/2022/0718/c-t-14/
2022年7月18日（月）,バンテリンドーム,中日ドラゴンズ,横浜DeNAベイスターズ,1,2,5,3,0,0,0,0,"1(0),0(0),0(2),0(0),0(0),0(0),0(0),0(0),0(0)",18755,https://npb.jp/scores/2022/0718/d-db-11/
2022年7月18日（月）,楽天生命パーク,東北楽天ゴールデンイーグルス,オリックス・バファローズ,8,3,12,6,0,2,0,0,"1(0),1(0),0(1),0(0),2(2),2(0),2(0),0(0),x(0)",17774,https://npb.jp/scores/2022/0718/e-b-14/
2022年7月18日（月）,札幌ドーム,北海道日本ハムファイターズ,埼玉西武ライオンズ,1,5,12,6,2,0,0,0,"0(0),1(0),0(0),0(2),0(0),0(3),0(0),0(0),0(0)",20539,https://npb.jp/scores/2022/0718/f-l-16/
2022年7月18日（月）,ZOZOマリン,千葉ロッテマリーンズ,福岡ソフトバンクホークス,2,1,8,5,0,1,0,0,"1(1),0(0),1(0),0(0),0(0),0(0),0(0),0(0),x(0)",14664,https://npb.jp/scores/2022/0718/m-h-14/
2022年7月18日（月）,神　宮,東京ヤクルトスワローズ,読売ジャイアンツ,8,10,14,16,0,0,0,0,"4(0),0(2),1(4),0(1),1(0),0(1),2(0),0(0),0(2)",24871,https://npb.jp/scores/2022/0718/s-g-16/
2022年7月19日（火）,京セラD大阪,オリックス・バファローズ,北海道日本ハムファイターズ,7,1,11,8,0,1,0,0,"0(0),3(0),1(1),1(0),0(0),0(0),0(0),2(0),x(0)",15516,https://npb.jp/scores/2022/0719/b-f-14/
2022年7月19日（火）,マツダスタジアム,広島東洋カープ,阪神タイガース,0,3,6,10,1,0,0,0,"0(0),0(1),0(1),0(0),0(0),0(1),0(0),0(0),0(0)",25122,https://npb.jp/scores/2022/0719/c-t-14/
2022年7月19日（火）,バンテリンドーム,中日ドラゴンズ,横浜DeNAベイスターズ,3,2,6,10,0,0,0,0,"3(0),0(1),0(1),0(0),0(0),0(0),0(0),0(0),x(0)",17868,https://npb.jp/scores/2022/0719/d-db-12/
2022年7月19日（火）,ZOZOマリン,千葉ロッテマリーンズ,埼玉西武ライオンズ,5,3,8,7,0,2,0,0,"0(3),0(0),1(0),0(0),1(0),0(0),3(0),0(0),x(0)",12854,https://npb.jp/scores/2022/0719/m-l-14/
2022年7月19日（火）,神　宮,東京ヤクルトスワローズ,読売ジャイアンツ,5,3,9,8,0,1,0,0,"0(0),2(0),0(0),0(0),1(0),2(0),0(1),0(2),x(0)",20474,https://npb.jp/scores/2022/0719/s-g-17/
2022年7月20日（水）,京セラD大阪,オリックス・バファローズ,北海道日本ハムファイターズ,2,0,5,1,0,0,0,0,"0(0),0(0),2(0),0(0),0(0),0(0),0(0),0(0),x(0)",16050,https://npb.jp/scores/2022/0720/b-f-15/
2022年7月20日（水）,マツダスタジアム,広島東洋カープ,阪神タイガース,5,3,11,8,0,2,0,0,"1(2),0(1),0(0),0(0),0(0),0(0),4(0),0(0),x(0)",25884,https://npb.jp/scores/2022/0720/c-t-15/
2022年7月20日（水）,バンテリンドーム,中日ドラゴンズ,横浜DeNAベイスターズ,4,6,12,9,0,1,0,0,"0(0),0(0),0(0),0(2),0(2),0(0),2(1),0(0),2(1)",20791,https://npb.jp/scores/2022/0720/d-db-13/
2022年7月20日（水）,北九州,福岡ソフトバンクホークス,東北楽天ゴールデンイーグルス,3,17,8,21,1,0,0,0,"0(6),1(2),0(3),0(4),0(1),0(1),0(0),0(0),2(0)",16725,https://npb.jp/scores/2022/0720/h-e-11/
2022年7月20日（水）,ZOZOマリン,千葉ロッテマリーンズ,埼玉西武ライオンズ,8,4,10,6,0,3,0,0,"1(0),0(1),1(1),0(0),3(1),1(0),2(1),0(0),x(0)",14335,https://npb.jp/scores/2022/0720/m-l-15/
2022年7月20日（水）,神　宮,東京ヤクルトスワローズ,読売ジャイアンツ,8,2,9,7,0,1,0,0,"0(0),0(0),0(0),2(2),0(0),2(0),3(0),1(0),x(0)",22741,https://npb.jp/scores/2022/0720/s-g-18/
2022年7月21日（木）,京セラD大阪,オリックス・バファローズ,北海道日本ハムファイターズ,4,3,8,7,0,3,0,0,"0(0),0(0),0(0),0(0),0(2),4(0),0(0),0(1),x(0)",15445,https://npb.jp/scores/2022/0721/b-f-16/
2022年7月21日（木）,PayPayドーム,福岡ソフトバンクホークス,東北楽天ゴールデンイーグルス,7,0,9,4,0,1,0,0,"0(0),1(0),0(0),0(0),2(0),1(0),2(0),1(0),x(0)",29254,https://npb.jp/scores/2022/0721/h-e-12/
2022年7月21日（木）,ZOZOマリン,千葉ロッテマリーンズ,埼玉西武ライオンズ,5,4,8,10,0,0,0,0,"2(0),0(0),0(0),0(1),0(0),0(3),0(0),0(0),3x(0)",15092,https://npb.jp/scores/2022/0721/m-l-16/
2022年7月22日（金）,京セラD大阪,オリックス・バファローズ,福岡ソフトバンクホークス,5,7,10,12,0,1,0,0,"0(0),3(0),2(3),0(0),0(1),0(0),0(1),0(2),0(0)",18563,https://npb.jp/scores/2022/0722/b-h-15/
2022年7月22日（金）,ベルーナドーム,埼玉西武ライオンズ,東北楽天ゴールデンイーグルス,9,4,15,10,2,1,0,0,"2(0),2(0),1(0),0(0),0(0),0(4),1(0),3(0),x(0)",19546,https://npb.jp/scores/2022/0722/l-e-15/
2022年7月22日（金）,神　宮,東京ヤクルトスワローズ,広島東洋カープ,2,5,9,12,1,0,0,0,"1(0),1(0),0(0),0(0),0(0),0(0),0(0),0(2),0(3)",26735,https://npb.jp/scores/2022/0722/s-c-13/
2022年7月22日（金）,甲子園,阪神タイガース,横浜DeNAベイスターズ,6,3,7,7,0,0,0,0,"0(0),0(0),0(0),2(1),0(0),2(0),2(0),0(0),x(2)",37584,https://npb.jp/scores/2022/0722/t-db-14/
2022年7月23日（土）,京セラD大阪,オリックス・バファローズ,福岡ソフトバンクホークス,5,0,8,4,0,0,0,0,"1(0),3(0),0(0),0(0),1(0),0(0),0(0),0(0),x(0)",26189,https://npb.jp/scores/2022/0723/b-h-16/
2022年7月23日（土）,札幌ドーム,北海道日本ハムファイターズ,千葉ロッテマリーンズ,6,7,8,12,2,1,0,0,"4(0),1(0),0(1),0(3),0(2),0(0),0(0),0(1),1(0)",24326,https://npb.jp/scores/2022/0723/f-m-13/
2022年7月23日（土）,ベルーナドーム,埼玉西武ライオンズ,東北楽天ゴールデンイーグルス,3,3,5,11,1,0,0,0,"0(0),0(0),0(0),0(2),0(0),0(0),3(0),0(1),0(0)",26641,https://npb.jp/scores/2022/0723/l-e-16/
2022年7月23日（土）,神　宮,東京ヤクルトスワローズ,広島東洋カープ,3,15,8,22,0,1,0,0,"0(6),0(3),0(4),0(1),2(0),1(0),0(1),0(0),0(0)",29679,https://npb.jp/scores/2022/0723/s-c-14/
2022年7月23日（土）,甲子園,阪神タイガース,横浜DeNAベイスターズ,3,1,7,7,0,1,0,0,"1(0),0(0),1(0),0(0),0(0),0(1),0(0),1(0),x(0)",38077,https://npb.jp/scores/2022/0723/t-db-15/
2022年7月24日（日）,京セラD大阪,オリックス・バファローズ,福岡ソフトバンクホークス,7,4,13,8,2,0,0,0,"0(0),0(0),1(0),0(3),3(1),2(0),1(0),0(0),x(0)",24724,https://npb.jp/scores/2022/0724/b-h-17/
2022年7月24日（日）,札幌ドーム,北海道日本ハムファイターズ,千葉ロッテマリーンズ,5,4,6,11,1,0,0,0,"4(0),0(1),0(2),0(0),0(0),0(0),1(1),0(0),x(0)",18343,https://npb.jp/scores/2022/0724/f-m-14/
2022年7月24日（日）,ベルーナドーム,埼玉西武ライオンズ,東北楽天ゴールデンイーグルス,2,9,8,14,2,0,0,0,"0(0),0(0),2(4),0(0),0(2),0(1),0(0),0(2),0(0)",13973,https://npb.jp/scores/2022/0724/l-e-17/
2022年7月24日（日）,神　宮,東京ヤクルトスワローズ,広島東洋カープ,4,2,8,3,1,0,0,0,"0(0),1(0),0(1),0(0),1(0),1(1),1(0),0(0),x(0)",23871,https://npb.jp/scores/2022/0724/s-c-15/
2022年7月24日（日）,甲子園,阪神タイガース,横浜DeNAベイスターズ,1,0,6,7,0,0,0,0,"0(0),0(0),0(0),1(0),0(0),0(0),0(0),0(0),x(0)",34085,https://npb.jp/scores/2022/0724/t-db-16/
2022年7月26日（火）,PayPayドーム,パシフィック・リーグ,セントラル・リーグ,3,2,9,5,0,1,0,0,"0(1),1(1),0(0),0(0),0(0),1(0),0(0),0(0),1x(0)",35534,https://npb.jp/scores/2022/0726/pl-cl-01/
2022年7月27日（水）,松　山,セントラル・リーグ,パシフィック・リーグ,1,2,10,9,0,1,0,0,"1(0),0(1),0(0),0(0),0(0),0(1),0(0),0(0),0(0)",25230,https://npb.jp/scores/2022/0727/cl-pl-02/
2022年7月29日（金）,マツダスタジアム,広島東洋カープ,中日ドラゴンズ,0,9,1,14,0,0,0,0,"0(2),0(0),0(2),0(0),0(2),0(0),0(0),0(2),0(1)",28790,https://npb.jp/scores/2022/0729/c-d-15/
2022年7月29日（金）,楽天生命パーク,東北楽天ゴールデンイーグルス,北海道日本ハムファイターズ,1,2,4,7,1,0,0,0,"0(0),0(0),1(0),0(0),0(0),0(2),0(0),0(0),0(0)",21057,https://npb.jp/scores/2022/0729/e-f-14/
2022年7月29日（金）,PayPayドーム,福岡ソフトバンクホークス,埼玉西武ライオンズ,2,5,3,9,2,0,0,0,"1(1),0(0),1(0),0(4),0(0),0(0),0(0),0(0),0(0)",34651,https://npb.jp/scores/2022/0729/h-l-12/
2022年7月29日（金）,ZOZOマリン,千葉ロッテマリーンズ,オリックス・バファローズ,8,9,12,15,1,1,0,0,"1(3),2(0),0(1),0(0),3(0),2(1),0(0),0(0),0(3)",20822,https://npb.jp/scores/2022/0729/m-b-16/
2022年7月29日（金）,甲子園,阪神タイガース,東京ヤクルトスワローズ,6,0,12,4,1,0,0,0,"3(0),0(0),0(0),1(0),0(0),0(0),0(0),2(0),x(0)",35426,https://npb.jp/scores/2022/0729/t-s-14/
2022年7月30日（土）,マツダスタジアム,広島東洋カープ,中日ドラゴンズ,0,3,6,9,0,0,0,0,"0(0),0(0),0(0),0(0),0(1),0(0),0(1),0(1),0(0)",30376,https://npb.jp/scores/2022/0730/c-d-16/
2022年7月30日（土）,楽天生命パーク,東北楽天ゴールデンイーグルス,北海道日本ハムファイターズ,7,0,11,5,0,1,0,0,"1(0),1(0),0(0),1(0),0(0),0(0),3(0),1(0),x(0)",26136,https://npb.jp/scores/2022/0730/e-f-15/
2022年7月30日（土）,PayPayドーム,福岡ソフトバンクホークス,埼玉西武ライオンズ,0,6,7,11,0,1,0,0,"0(2),0(2),0(0),0(2),0(0),0(0),0(0),0(0),0(0)",32535,https://npb.jp/scores/2022/0730/h-l-13/
2022年7月30日（土）,ZOZOマリン,千葉ロッテマリーンズ,オリックス・バファローズ,4,6,8,11,0,1,0,0,"0(0),1(0),0(0),0(3),3(0),0(1),0(2),0(0),0(0)",19043,https://npb.jp/scores/2022/0730/m-b-17/
2022年7月30日（土）,甲子園,阪神タイガース,東京ヤクルトスワローズ,7,3,9,7,0,1,0,0,"0(0),0(0),0(0),5(0),2(0),0(2),0(1),0(0),x(0)",40653,https://npb.jp/scores/2022/0730/t-s-15/
2022年7月31日（日）,マツダスタジアム,広島東洋カープ,中日ドラゴンズ,5,6,12,12,2,0,0,0,"1(0),0(0),0(1),0(0),0(1),1(0),2(1),0(3),1(0)",30105,https://npb.jp/scores/2022/0731/c-d-17/
2022年7月31日（日）,楽天生命パーク,東北楽天ゴールデンイーグルス,北海道日本ハムファイターズ,10,5,12,6,0,2,0,0,"1(0),0(0),0(3),0(0),0(0),1(2),6(0),2(0),x(0)",20105,https://npb.jp/scores/2022/0731/e-f-16/
2022年7月31日（日）,PayPayドーム,福岡ソフトバンクホークス,埼玉西武ライオンズ,4,2,8,9,0,0,0,0,"0(1),2(0),0(0),2(0),0(0),0(1),0(0),0(0),x(0)",32380,https://npb.jp/scores/2022/0731/h-l-14/
2022年7月31日（日）,ZOZOマリン,千葉ロッテマリーンズ,オリックス・バファローズ,2,5,8,12,1,0,0,0,"1(0),1(0),0(3),0(0),0(1),0(0),0(0),0(1),0(0)",21375,https://npb.jp/scores/2022/0731/m-b-18/
2022年7月31日（日）,甲子園,阪神タイガース,東京ヤクルトスワローズ,2,4,7,8,0,2,0,0,"0(0),0(0),0(0),2(0),0(0),0(0),0(1),0(0),0(1)",36331,https://npb.jp/scores/2022/0731/t-s-16/
2022年8月2日（火）,横　浜,横浜DeNAベイスターズ,広島東洋カープ,5,2,10,10,1,0,0,0,"0(1),1(0),3(0),1(0),0(1),0(0),0(0),0(0),x(0)",31948,https://npb.jp/scores/2022/0802/db-c-16/
2022年8月2日（火）,楽天生命パーク,東北楽天ゴールデンイーグルス,千葉ロッテマリーンズ,4,6,9,9,1,0,0,0,"0(3),0(1),0(0),1(0),0(2),2(0),0(0),1(0),0(0)",16560,https://npb.jp/scores/2022/0802/e-m-15/
2022年8月2日（火）,旭　川,北海道日本ハムファイターズ,福岡ソフトバンクホークス,6,5,7,7,3,0,0,0,"2(0),0(1),2(1),0(1),0(0),2(0),0(1),0(1),x(0)",13046,https://npb.jp/scores/2022/0802/f-h-16/
2022年8月2日（火）,東京ドーム,読売ジャイアンツ,阪神タイガース,3,6,4,8,1,2,0,0,"0(0),0(1),0(1),3(0),0(0),0(1),0(1),0(0),0(2)",31843,https://npb.jp/scores/2022/0802/g-t-16/
2022年8月2日（火）,ベルーナドーム,埼玉西武ライオンズ,オリックス・バファローズ,4,2,11,8,0,0,0,0,"0(0),0(0),0(0),1(2),0(0),0(0),0(0),3(0),x(0)",9206,https://npb.jp/scores/2022/0802/l-b-16/
2022年8月2日（火）,神　宮,東京ヤクルトスワローズ,中日ドラゴンズ,5,0,9,4,0,1,0,0,"2(0),0(0),2(0),0(0),0(0),1(0),0(0),0(0),x(0)",19033,https://npb.jp/scores/2022/0802/s-d-14/
2022年8月3日（水）,横　浜,横浜DeNAベイスターズ,広島東洋カープ,6,5,15,12,0,1,0,0,"1(1),2(1),0(0),0(0),0(0),2(0),0(3),0(0),0(0)",31581,https://npb.jp/scores/2022/0803/db-c-17/
2022年8月3日（水）,楽天生命パーク,東北楽天ゴールデンイーグルス,千葉ロッテマリーンズ,5,4,12,10,0,0,0,0,"1(2),0(0),0(0),0(1),0(0),4(0),0(0),0(1),x(0)",15717,https://npb.jp/scores/2022/0803/e-m-16/
2022年8月3日（水）,札幌ドーム,北海道日本ハムファイターズ,福岡ソフトバンクホークス,5,1,5,4,0,0,0,0,"0(0),0(0),2(0),1(0),0(0),0(0),0(0),2(0),x(1)",13964,https://npb.jp/scores/2022/0803/f-h-17/
2022年8月3日（水）,東京ドーム,読売ジャイアンツ,阪神タイガース,1,2,5,4,0,0,0,0,"0(0),0(0),0(1),0(0),0(1),1(0),0(0),0(0),0(0)",32216,https://npb.jp/scores/2022/0803/g-t-17/
2022年8月3日（水）,ベルーナドーム,埼玉西武ライオンズ,オリックス・バファローズ,3,1,6,4,1,0,0,0,"0(0),1(0),1(0),0(0),1(1),0(0),0(0),0(0),x(0)",10237,https://npb.jp/scores/2022/0803/l-b-17/
2022年8月3日（水）,神　宮,東京ヤクルトスワローズ,中日ドラゴンズ,9,7,15,16,2,1,0,0,"3(2),0(0),3(0),2(1),0(1),1(0),0(2),0(0),x(1)",20650,https://npb.jp/scores/2022/0803/s-d-15/
2022年8月4日（木）,横　浜,横浜DeNAベイスターズ,広島東洋カープ,0,0,0,3,0,0,0,0,"0(0),0(0),0(0),0x(0),(),(),(),(),()",0,https://npb.jp/scores/2022/0804/db-c-18/
2022年8月4日（木）,楽天生命パーク,東北楽天ゴールデンイーグルス,千葉ロッテマリーンズ,10,1,14,3,0,0,0,0,"0(0),2(0),7(0),1(0),0(1),0(0),0(0),0(0),x(0)",15038,https://npb.jp/scores/2022/0804/e-m-17/
2022年8月4日（木）,札幌ドーム,北海道日本ハムファイターズ,福岡ソフトバンクホークス,3,3,7,11,0,2,0,0,"0(1),0(0),0(2),0(0),3(0),0(0),0(0),0(0),0(0)",12255,https://npb.jp/scores/2022/0804/f-h-18/
2022年8月4日（木）,東京ドーム,読売ジャイアンツ,阪神タイガース,7,0,8,4,0,0,0,0,"0(0),5(0),0(0),0(0),0(0),0(0),1(0),1(0),x(0)",32264,https://npb.jp/scores/2022/0804/g-t-18/
2022年8月4日（木）,ベルーナドーム,埼玉西武ライオンズ,オリックス・バファローズ,3,2,7,7,1,0,0,0,"0(0),0(0),0(0),2(0),0(2),0(0),0(0),0(0),1x(0)",8018,https://npb.jp/scores/2022/0804/l-b-18/
2022年8月4日（木）,神　宮,東京ヤクルトスワローズ,中日ドラゴンズ,,,,,,,0,0,"(),(),(),(),(),(),(),(),()",0,https://npb.jp/scores/2022/0804/s-d-16/
2022年8月5日（金）,京セラD大阪,オリックス・バファローズ,北海道日本ハムファイターズ,5,2,12,7,0,0,0,0,"0(0),0(0),0(0),1(1),0(1),4(0),0(0),0(0),x(0)",18485,https://npb.jp/scores/2022/0805/b-f-17/
2022年8月5日（金）,マツダスタジアム,広島東洋カープ,阪神タイガース,2,3,7,6,0,1,0,0,"0(1),0(0),0(0),2(2),0(0),0(0),0(0),0(0),0(0)",30396,https://npb.jp/scores/2022/0805/c-t-16/
2022年8月5日（金）,バンテリンドーム,中日ドラゴンズ,横浜DeNAベイスターズ,2,4,6,7,0,0,0,0,"0(0),0(0),0(1),0(0),0(1),2(2),0(0),0(0),0(0)",22517,https://npb.jp/scores/2022/0805/d-db-14/
2022年8月5日（金）,PayPayドーム,福岡ソフトバンクホークス,東北楽天ゴールデンイーグルス,7,3,12,10,0,0,0,0,"2(0),0(0),0(1),0(0),3(0),0(0),2(2),0(0),x(0)",27439,https://npb.jp/scores/2022/0805/h-e-13/
2022年8月5日（金）,ベルーナドーム,埼玉西武ライオンズ,千葉ロッテマリーンズ,4,3,7,7,0,1,0,0,"0(3),0(0),0(0),1(0),1(0),0(0),0(0),1(0),0(0)",12619,https://npb.jp/scores/2022/0805/l-m-17/
2022年8月5日（金）,神　宮,東京ヤクルトスワローズ,読売ジャイアンツ,5,9,8,13,0,1,0,0,"0(0),1(2),0(0),0(1),0(0),0(0),0(5),0(0),4(1)",28996,https://npb.jp/scores/2022/0805/s-g-19/
2022年8月6日（土）,京セラD大阪,オリックス・バファローズ,北海道日本ハムファイターズ,3,1,9,7,0,0,0,0,"2(1),0(0),0(0),0(0),0(0),0(0),1(0),0(0),x(0)",26551,https://npb.jp/scores/2022/0806/b-f-18/
2022年8月6日（土）,マツダスタジアム,広島東洋カープ,阪神タイガース,6,5,10,13,0,2,0,0,"0(0),0(1),0(2),1(2),0(0),0(0),1(0),0(0),4x(0)",30504,https://npb.jp/scores/2022/0806/c-t-17/
2022年8月6日（土）,バンテリンドーム,中日ドラゴンズ,横浜DeNAベイスターズ,0,1,8,6,0,0,0,0,"0(0),0(0),0(0),0(0),0(0),0(0),0(0),0(0),0(1)",28944,https://npb.jp/scores/2022/0806/d-db-15/
2022年8月6日（土）,PayPayドーム,福岡ソフトバンクホークス,東北楽天ゴールデンイーグルス,9,1,15,3,0,1,0,0,"0(0),0(0),1(0),0(1),3(0),0(0),3(0),2(0),x(0)",29578,https://npb.jp/scores/2022/0806/h-e-14/
2022年8月6日（土）,ベルーナドーム,埼玉西武ライオンズ,千葉ロッテマリーンズ,1,2,7,3,0,0,0,0,"0(0),1(0),0(0),0(0),0(0),0(0),0(0),0(2),0(0)",19743,https://npb.jp/scores/2022/0806/l-m-18/
2022年8月6日（土）,神　宮,東京ヤクルトスワローズ,読売ジャイアンツ,2,3,4,7,0,1,0,0,"1(0),0(0),0(0),0(0),1(0),0(2),0(0),0(1),0(0)",29626,https://npb.jp/scores/2022/0806/s-g-20/
2022年8月7日（日）,京セラD大阪,オリックス・バファローズ,北海道日本ハムファイターズ,3,5,10,11,1,0,0,0,"0(0),0(2),0(0),0(0),0(1),0(2),1(0),2(0),0(0)",24979,https://npb.jp/scores/2022/0807/b-f-19/
2022年8月7日（日）,マツダスタジアム,広島東洋カープ,阪神タイガース,5,7,13,16,0,1,0,0,"0(0),2(2),2(0),1(0),0(3),0(0),0(0),0(2),0(0)",30433,https://npb.jp/scores/2022/0807/c-t-18/
2022年8月7日（日）,バンテリンドーム,中日ドラゴンズ,横浜DeNAベイスターズ,5,0,5,6,0,2,0,0,"0(0),0(0),0(0),1(0),0(0),0(0),1(0),3(0),x(0)",32899,https://npb.jp/scores/2022/0807/d-db-16/
2022年8月7日（日）,PayPayドーム,福岡ソフトバンクホークス,東北楽天ゴールデンイーグルス,2,7,8,13,0,1,0,0,"0(0),0(0),0(0),1(0),0(0),0(3),0(3),0(0),1(1)",29544,https://npb.jp/scores/2022/0807/h-e-15/
2022年8月7日（日）,ベルーナドーム,埼玉西武ライオンズ,千葉ロッテマリーンズ,10,4,15,11,0,0,0,0,"0(2),1(0),0(0),6(0),0(0),1(0),2(1),0(1),x(0)",22737,https://npb.jp/scores/2022/0807/l-m-19/
2022年8月7日（日）,神　宮,東京ヤクルトスワローズ,読売ジャイアンツ,4,7,6,9,1,0,0,0,"0(2),0(0),0(0),4(0),0(0),0(0),0(4),0(1),0(0)",29460,https://npb.jp/scores/2022/0807/s-g-21/
2022年8月9日（火）,京セラD大阪,オリックス・バファローズ,東北楽天ゴールデンイーグルス,5,1,10,7,0,2,0,0,"1(0),0(0),2(0),1(0),0(0),0(1),1(0),0(0),x(0)",16347,https://npb.jp/scores/2022/0809/b-e-15/
2022年8月9日（火）,マツダスタジアム,広島東洋カープ,東京ヤクルトスワローズ,2,0,9,5,0,3,0,0,"0(0),0(0),1(0),0(0),0(0),0(0),0(0),1(0),x(0)",29620,https://npb.jp/scores/2022/0809/c-s-16/
2022年8月9日（火）,バンテリンドーム,中日ドラゴンズ,読売ジャイアンツ,3,2,13,7,0,0,0,0,"0(1),1(0),1(1),0(0),1(0),0(0),0(0),0(0),x(0)",24521,https://npb.jp/scores/2022/0809/d-g-15/
2022年8月9日（火）,横　浜,横浜DeNAベイスターズ,阪神タイガース,3,2,6,4,0,1,0,0,"0(0),0(2),0(0),1(0),0(0),1(0),0(0),0(0),1x(0)",23530,https://npb.jp/scores/2022/0809/db-t-17/
2022年8月9日（火）,札幌ドーム,北海道日本ハムファイターズ,埼玉西武ライオンズ,5,3,9,5,0,1,0,0,"0(0),1(0),0(0),0(0),0(2),0(0),0(0),1(0),3x(1)",15953,https://npb.jp/scores/2022/0809/f-l-17/
2022年8月9日（火）,ZOZOマリン,千葉ロッテマリーンズ,福岡ソフトバンクホークス,0,3,3,10,0,0,0,0,"0(0),0(0),0(1),0(0),0(2),0(0),0(0),0(0),0(0)",19274,https://npb.jp/scores/2022/0809/m-h-15/
2022年8月10日（水）,京セラD大阪,オリックス・バファローズ,東北楽天ゴールデンイーグルス,1,2,8,7,1,0,0,0,"0(0),0(0),0(0),0(0),1(0),0(0),0(0),0(0),0(1)",17766,https://npb.jp/scores/2022/0810/b-e-16/
2022年8月10日（水）,マツダスタジアム,広島東洋カープ,東京ヤクルトスワローズ,4,1,7,7,0,0,0,0,"2(0),1(0),0(0),1(0),0(0),0(0),0(0),0(1),x(0)",30288,https://npb.jp/scores/2022/0810/c-s-17/
2022年8月10日（水）,バンテリンドーム,中日ドラゴンズ,読売ジャイアンツ,1,2,5,6,1,0,0,0,"0(0),0(1),0(0),1(0),0(0),0(0),0(0),0(0),0(1)",25352,https://npb.jp/scores/2022/0810/d-g-16/
2022年8月10日（水）,横　浜,横浜DeNAベイスターズ,阪神タイガース,3,0,8,5,0,2,0,0,"0(0),0(0),0(0),0(0),0(0),0(0),0(0),3(0),x(0)",26189,https://npb.jp/scores/2022/0810/db-t-18/
2022年8月10日（水）,札幌ドーム,北海道日本ハムファイターズ,埼玉西武ライオンズ,2,2,10,10,0,0,0,0,"0(0),0(0),0(1),0(1),1(0),0(0),1(0),0(0),0(0)",20711,https://npb.jp/scores/2022/0810/f-l-18/
2022年8月10日（水）,ZOZOマリン,千葉ロッテマリーンズ,福岡ソフトバンクホークス,3,4,7,8,3,0,0,0,"0(0),0(3),1(0),0(0),0(0),0(0),0(0),1(1),1(0)",23116,https://npb.jp/scores/2022/0810/m-h-16/
2022年8月11日（木）,京セラD大阪,オリックス・バファローズ,東北楽天ゴールデンイーグルス,6,1,14,2,1,0,0,0,"0(0),2(0),0(0),2(0),1(0),1(0),0(1),0(0),x(0)",24037,https://npb.jp/scores/2022/0811/b-e-17/
2022年8月11日（木）,マツダスタジアム,広島東洋カープ,東京ヤクルトスワローズ,6,3,8,8,0,1,0,0,"0(0),0(0),0(0),3(0),0(1),3(1),0(0),0(1),x(0)",30574,https://npb.jp/scores/2022/0811/c-s-18/
2022年8月11日（木）,バンテリンドーム,中日ドラゴンズ,読売ジャイアンツ,1,6,4,8,0,1,0,0,"0(1),0(0),0(0),0(1),0(0),1(3),0(0),0(0),0(1)",32194,https://npb.jp/scores/2022/0811/d-g-17/
2022年8月11日（木）,横　浜,横浜DeNAベイスターズ,阪神タイガース,4,1,8,7,0,2,0,0,"0(1),0(0),0(0),1(0),0(0),0(0),3(0),0(0),x(0)",32275,https://npb.jp/scores/2022/0811/db-t-19/
2022年8月11日（木）,札幌ドーム,北海道日本ハムファイターズ,埼玉西武ライオンズ,3,2,5,9,0,0,0,0,"0(1),0(0),0(0),0(0),2(0),0(0),0(1),0(0),0(0)",33754,https://npb.jp/scores/2022/0811/f-l-19/
2022年8月11日（木）,ZOZOマリン,千葉ロッテマリーンズ,福岡ソフトバンクホークス,3,4,6,10,0,0,0,0,"2(1),0(1),0(1),0(0),1(0),0(0),0(0),0(0),0(1)",19337,https://npb.jp/scores/2022/0811/m-h-17/
2022年8月12日（金）,楽天生命パーク,東北楽天ゴールデンイーグルス,埼玉西武ライオンズ,1,5,3,11,0,0,0,0,"0(0),0(1),0(0),0(0),0(0),0(2),0(2),1(0),0(0)",21128,https://npb.jp/scores/2022/0812/e-l-18/
2022年8月12日（金）,東京ドーム,読売ジャイアンツ,広島東洋カープ,5,6,8,8,0,0,0,0,"2(2),0(0),3(0),0(0),0(2),0(0),0(0),0(2),0(0)",36508,https://npb.jp/scores/2022/0812/g-c-19/
2022年8月12日（金）,PayPayドーム,福岡ソフトバンクホークス,オリックス・バファローズ,3,6,6,10,0,0,0,0,"3(2),0(0),0(0),0(0),0(3),0(1),0(0),0(0),0(0)",32339,https://npb.jp/scores/2022/0812/h-b-18/
2022年8月12日（金）,ZOZOマリン,千葉ロッテマリーンズ,北海道日本ハムファイターズ,3,2,8,7,0,2,0,0,"0(0),2(0),0(0),0(0),0(1),0(0),0(0),0(0),1x(1)",25401,https://npb.jp/scores/2022/0812/m-f-15/
2022年8月12日（金）,神　宮,東京ヤクルトスワローズ,横浜DeNAベイスターズ,3,4,6,9,0,0,0,0,"0(0),1(0),0(1),0(1),1(0),0(2),0(0),1(0),0(0)",26915,https://npb.jp/scores/2022/0812/s-db-15/
2022年8月12日（金）,京セラD大阪,阪神タイガース,中日ドラゴンズ,0,4,4,7,2,1,0,0,"0(2),0(0),0(0),0(0),0(0),0(0),0(0),0(2),0(0)",32662,https://npb.jp/scores/2022/0812/t-d-18/
2022年8月13日（土）,楽天生命パーク,東北楽天ゴールデンイーグルス,埼玉西武ライオンズ,4,6,9,16,1,0,0,0,"0(0),1(0),0(0),0(5),2(0),0(0),1(0),0(0),0(1)",19659,https://npb.jp/scores/2022/0813/e-l-19/
2022年8月13日（土）,東京ドーム,読売ジャイアンツ,広島東洋カープ,4,1,6,8,0,2,0,0,"2(0),0(0),0(0),2(0),0(0),0(0),0(0),0(0),x(1)",39717,https://npb.jp/scores/2022/0813/g-c-20/
2022年8月13日（土）,PayPayドーム,福岡ソフトバンクホークス,オリックス・バファローズ,5,4,10,6,1,2,0,0,"2(0),0(0),0(1),2(0),0(0),0(0),0(0),0(3),1x(0)",32513,https://npb.jp/scores/2022/0813/h-b-19/
2022年8月13日（土）,ZOZOマリン,千葉ロッテマリーンズ,北海道日本ハムファイターズ,,,,,,,0,0,"(),(),(),(),(),(),(),(),()",0,https://npb.jp/scores/2022/0813/m-f-16/
2022年8月13日（土）,神　宮,東京ヤクルトスワローズ,横浜DeNAベイスターズ,,,,,,,0,0,"(),(),(),(),(),(),(),(),()",0,https://npb.jp/scores/2022/0813/s-db-16/
2022年8月13日（土）,京セラD大阪,阪神タイガース,中日ドラゴンズ,0,2,6,6,1,0,0,0,"0(0),0(0),0(0),0(0),0(0),0(1),0(0),0(1),0(0)",34104,https://npb.jp/scores/2022/0813/t-d-19/
2022年8月14日（日）,楽天生命パーク,東北楽天ゴールデンイーグルス,埼玉西武ライオンズ,4,3,8,6,0,1,0,0,"0(0),0(0),0(2),0(1),0(0),0(0),3(0),1(0),x(0)",19366,https://npb.jp/scores/2022/0814/e-l-20/
2022年8月14日（日）,東京ドーム,読売ジャイアンツ,広島東洋カープ,3,2,8,9,0,0,0,0,"0(0),0(0),0(0),2(0),0(0),0(0),0(2),1(0),x(0)",40060,https://npb.jp/scores/2022/0814/g-c-21/
2022年8月14日（日）,PayPayドーム,福岡ソフトバンクホークス,オリックス・バファローズ,2,10,5,16,0,0,0,0,"0(0),0(0),0(0),0(7),0(3),1(0),0(0),1(0),0(0)",33124,https://npb.jp/scores/2022/0814/h-b-20/
2022年8月14日（日）,ZOZOマリン,千葉ロッテマリーンズ,北海道日本ハムファイターズ,3,8,12,12,2,2,0,0,"1(1),0(0),1(3),0(0),0(0),0(0),0(1),0(3),1(0)",28259,https://npb.jp/scores/2022/0814/m-f-16/
2022年8月14日（日）,神　宮,東京ヤクルトスワローズ,横浜DeNAベイスターズ,4,1,5,4,2,0,0,0,"1(1),0(0),0(0),3(0),0(0),0(0),0(0),0(0),x(0)",28247,https://npb.jp/scores/2022/0814/s-db-16/
2022年8月14日（日）,京セラD大阪,阪神タイガース,中日ドラゴンズ,4,5,7,10,3,0,0,0,"0(0),0(0),0(2),0(0),4(2),0(0),0(0),0(0),0(1)",30089,https://npb.jp/scores/2022/0814/t-d-20/
2022年8月16日（火）,ほっと神戸,オリックス・バファローズ,千葉ロッテマリーンズ,0,4,5,10,0,0,0,0,"0(0),0(0),0(0),0(0),0(0),0(3),0x(1),(),()",23843,https://npb.jp/scores/2022/0816/b-m-19/
2022年8月16日（火）,マツダスタジアム,広島東洋カープ,中日ドラゴンズ,5,0,11,9,0,0,0,0,"1(0),3(0),0(0),0(0),1(0),0(0),0(0),0(0),x(0)",30005,https://npb.jp/scores/2022/0816/c-d-18/
2022年8月16日（火）,横　浜,横浜DeNAベイスターズ,読売ジャイアンツ,3,1,8,9,0,0,0,0,"1(0),0(1),0(0),0(0),2(0),0(0),0(0),0(0),x(0)",25936,https://npb.jp/scores/2022/0816/db-g-14/
2022年8月16日（火）,札幌ドーム,北海道日本ハムファイターズ,東北楽天ゴールデンイーグルス,1,2,5,6,0,0,0,0,"1(0),0(0),0(0),0(2),0(0),0(0),0(0),0(0),0(0)",17859,https://npb.jp/scores/2022/0816/f-e-17/
2022年8月16日（火）,ベルーナドーム,埼玉西武ライオンズ,福岡ソフトバンクホークス,2,0,5,7,0,0,0,0,"0(0),0(0),0(0),2(0),0(0),0(0),0(0),0(0),x(0)",18340,https://npb.jp/scores/2022/0816/l-h-15/
2022年8月16日（火）,神　宮,東京ヤクルトスワローズ,阪神タイガース,5,3,8,11,0,1,0,0,"0(0),2(0),2(0),0(0),0(0),0(1),1(0),0(0),x(2)",25990,https://npb.jp/scores/2022/0816/s-t-17/
2022年8月17日（水）,ほっと神戸,オリックス・バファローズ,千葉ロッテマリーンズ,,,,,,,0,0,"(),(),(),(),(),(),(),(),()",0,https://npb.jp/scores/2022/0817/b-m-20/
2022年8月17日（水）,マツダスタジアム,広島東洋カープ,中日ドラゴンズ,1,0,4,5,1,0,0,0,"0(0),0(0),0(0),0(0),0(0),0(0),0(0),0(0),0(0)",27451,https://npb.jp/scores/2022/0817/c-d-19/
2022年8月17日（水）,横　浜,横浜DeNAベイスターズ,読売ジャイアンツ,7,3,8,6,0,1,0,0,"0(0),0(0),0(3),0(0),3(0),2(0),0(0),2(0),x(0)",20463,https://npb.jp/scores/2022/0817/db-g-15/
2022年8月17日（水）,札幌ドーム,北海道日本ハムファイターズ,東北楽天ゴールデンイーグルス,2,8,10,13,0,0,0,0,"1(0),0(2),1(0),0(0),0(1),0(2),0(3),0(0),0(0)",17341,https://npb.jp/scores/2022/0817/f-e-18/
2022年8月17日（水）,ベルーナドーム,埼玉西武ライオンズ,福岡ソフトバンクホークス,3,5,6,8,1,0,0,0,"0(3),2(0),0(0),1(2),0(0),0(0),0(0),0(0),0(0)",13258,https://npb.jp/scores/2022/0817/l-h-16/
2022年8月17日（水）,神　宮,東京ヤクルトスワローズ,阪神タイガース,4,2,5,5,1,0,0,0,"0(0),0(0),3(0),0(0),0(0),0(2),0(0),1(0),x(0)",21543,https://npb.jp/scores/2022/0817/s-t-18/
2022年8月18日（木）,マツダスタジアム,広島東洋カープ,中日ドラゴンズ,1,6,8,13,0,0,0,0,"0(3),0(0),0(1),1(0),0(0),0(0),0(0),0(0),0(2)",28283,https://npb.jp/scores/2022/0818/c-d-20/
2022年8月18日（木）,横　浜,横浜DeNAベイスターズ,読売ジャイアンツ,4,3,9,9,0,0,0,0,"0(0),0(0),0(0),1(1),0(2),2(0),0(0),1(0),x(0)",21198,https://npb.jp/scores/2022/0818/db-g-16/
2022年8月18日（木）,札幌ドーム,北海道日本ハムファイターズ,東北楽天ゴールデンイーグルス,1,2,8,5,1,0,0,0,"0(0),0(0),0(0),0(1),0(0),0(0),1(0),0(1),0(0)",17632,https://npb.jp/scores/2022/0818/f-e-19/
2022年8月18日（木）,ベルーナドーム,埼玉西武ライオンズ,福岡ソフトバンクホークス,8,5,11,9,0,0,0,0,"5(2),1(0),0(0),1(0),0(0),0(2),1(0),0(1),x(0)",13372,https://npb.jp/scores/2022/0818/l-h-17/
2022年8月18日（木）,神　宮,東京ヤクルトスワローズ,阪神タイガース,2,10,7,14,0,0,0,0,"0(0),0(0),0(3),0(1),2(0),0(0),0(5),0(1),0(0)",22428,https://npb.jp/scores/2022/0818/s-t-19/
2022年8月19日（金）,バンテリンドーム,中日ドラゴンズ,東京ヤクルトスワローズ,4,3,7,7,1,1,0,0,"0(0),0(3),1(0),0(0),0(0),2(0),0(0),0(0),1x(0)",29929,https://npb.jp/scores/2022/0819/d-s-16/
2022年8月19日（金）,横　浜,横浜DeNAベイスターズ,広島東洋カープ,8,3,9,13,1,0,0,0,"0(0),1(0),0(0),3(2),0(0),1(1),0(0),3(0),x(0)",23458,https://npb.jp/scores/2022/0819/db-c-18/
2022年8月19日（金）,楽天生命パーク,東北楽天ゴールデンイーグルス,千葉ロッテマリーンズ,5,6,6,5,0,0,0,0,"1(0),0(1),0(1),2(0),1(0),1(4),0(0),0(0),0(0)",21215,https://npb.jp/scores/2022/0819/e-m-18/
2022年8月19日（金）,東京ドーム,読売ジャイアンツ,阪神タイガース,0,4,3,8,0,0,0,0,"0(0),0(0),0(0),0(0),0(0),0(0),0(1),0(3),0(0)",36043,https://npb.jp/scores/2022/0819/g-t-19/
2022年8月19日（金）,PayPayドーム,福岡ソフトバンクホークス,北海道日本ハムファイターズ,7,2,10,4,0,2,0,0,"0(0),0(0),2(0),0(0),0(0),2(0),0(2),3(0),x(0)",32806,https://npb.jp/scores/2022/0819/h-f-19/
2022年8月19日（金）,ベルーナドーム,埼玉西武ライオンズ,オリックス・バファローズ,3,4,9,10,0,1,0,0,"1(0),0(0),0(0),0(2),0(1),2(0),0(1),0(0),0(0)",18793,https://npb.jp/scores/2022/0819/l-b-19/
2022年8月20日（土）,バンテリンドーム,中日ドラゴンズ,東京ヤクルトスワローズ,2,7,8,11,0,0,0,0,"0(0),0(2),1(1),0(0),0(0),0(0),0(3),0(1),1(0)",31166,https://npb.jp/scores/2022/0820/d-s-17/
2022年8月20日（土）,横　浜,横浜DeNAベイスターズ,広島東洋カープ,6,5,11,9,1,0,0,0,"3(1),0(0),0(0),0(0),2(0),0(0),0(3),1(1),x(0)",25909,https://npb.jp/scores/2022/0820/db-c-19/
2022年8月20日（土）,楽天生命パーク,東北楽天ゴールデンイーグルス,千葉ロッテマリーンズ,5,2,7,6,2,1,0,0,"0(0),0(0),0(0),0(0),0(0),5(2),0(0),0(0),x(0)",22874,https://npb.jp/scores/2022/0820/e-m-19/
2022年8月20日（土）,東京ドーム,読売ジャイアンツ,阪神タイガース,1,5,8,9,0,0,0,0,"0(0),0(1),0(2),0(2),0(0),1(0),0(0),0(0),0(0)",40630,https://npb.jp/scores/2022/0820/g-t-20/
2022年8月20日（土）,PayPayドーム,福岡ソフトバンクホークス,北海道日本ハムファイターズ,9,3,13,10,0,1,0,0,"0(1),0(1),0(0),7(0),1(0),0(0),1(1),0(0),x(0)",32247,https://npb.jp/scores/2022/0820/h-f-20/
2022年8月20日（土）,ベルーナドーム,埼玉西武ライオンズ,オリックス・バファローズ,0,6,6,10,0,0,0,0,"0(0),0(1),0(0),0(0),0(0),0(0),0(1),0(4),0(0)",19784,https://npb.jp/scores/2022/0820/l-b-20/
2022年8月21日（日）,バンテリンドーム,中日ドラゴンズ,東京ヤクルトスワローズ,5,2,9,6,1,0,0,0,"0(0),0(0),0(0),0(0),2(0),0(0),1(2),2(0),x(0)",32572,https://npb.jp/scores/2022/0821/d-s-18/
2022年8月21日（日）,横　浜,横浜DeNAベイスターズ,広島東洋カープ,3,0,7,6,0,0,0,0,"1(0),1(0),1(0),0(0),0(0),0(0),0(0),0(0),x(0)",19514,https://npb.jp/scores/2022/0821/db-c-20/
2022年8月21日（日）,楽天生命パーク,東北楽天ゴールデンイーグルス,千葉ロッテマリーンズ,1,0,7,1,0,0,0,0,"0(0),0(0),0(0),0(0),1(0),0(0),0(0),0(0),x(0)",18449,https://npb.jp/scores/2022/0821/e-m-20/
2022年8月21日（日）,東京ドーム,読売ジャイアンツ,阪神タイガース,1,6,6,16,1,0,0,0,"0(2),0(0),0(0),0(1),0(0),0(1),1(0),0(2),0(0)",40268,https://npb.jp/scores/2022/0821/g-t-21/
2022年8月21日（日）,PayPayドーム,福岡ソフトバンクホークス,北海道日本ハムファイターズ,5,1,8,5,0,1,0,0,"0(0),1(0),2(0),0(0),0(1),1(0),0(0),1(0),x(0)",35191,https://npb.jp/scores/2022/0821/h-f-21/
2022年8月21日（日）,ベルーナドーム,埼玉西武ライオンズ,オリックス・バファローズ,3,1,12,3,0,0,0,0,"2(0),0(1),0(0),0(0),1(0),0(0),0(0),0(0),x(0)",15879,https://npb.jp/scores/2022/0821/l-b-21/
2022年8月23日（火）,楽天生命パーク,東北楽天ゴールデンイーグルス,福岡ソフトバンクホークス,6,15,16,20,0,0,0,0,"1(4),0(0),0(2),0(0),0(2),0(5),5(0),0(2),0(0)",16801,https://npb.jp/scores/2022/0823/e-h-16/
2022年8月23日（火）,釧　路,北海道日本ハムファイターズ,オリックス・バファローズ,0,0,5,7,1,1,0,0,"0(0),0(0),0(0),0(0),0(0),0(0),0(0),(),()",8770,https://npb.jp/scores/2022/0823/f-b-20/
2022年8月23日（火）,東京ドーム,読売ジャイアンツ,中日ドラゴンズ,6,0,11,3,1,0,0,0,"2(0),0(0),0(0),0(0),2(0),0(0),2(0),0(0),x(0)",29343,https://npb.jp/scores/2022/0823/g-d-18/
2022年8月23日（火）,ZOZOマリン,千葉ロッテマリーンズ,埼玉西武ライオンズ,4,5,8,12,0,0,0,0,"0(2),0(0),0(0),0(1),0(1),3(1),0(0),1(0),0(0)",17385,https://npb.jp/scores/2022/0823/m-l-20/
2022年8月23日（火）,神　宮,東京ヤクルトスワローズ,広島東洋カープ,5,4,9,10,1,0,0,0,"0(3),0(0),0(0),1(0),1(0),3(1),0(0),0(0),x(0)",21507,https://npb.jp/scores/2022/0823/s-c-19/
2022年8月23日（火）,京セラD大阪,阪神タイガース,横浜DeNAベイスターズ,0,4,6,12,0,0,0,0,"0(1),0(1),0(1),0(0),0(0),0(0),0(0),0(0),0(1)",29105,https://npb.jp/scores/2022/0823/t-db-20/
2022年8月24日（水）,楽天生命パーク,東北楽天ゴールデンイーグルス,福岡ソフトバンクホークス,3,4,9,8,0,1,0,0,"1(0),0(0),0(0),0(3),0(0),0(0),2(0),0(0),0(0)",16259,https://npb.jp/scores/2022/0824/e-h-17/
2022年8月24日（水）,帯　広,北海道日本ハムファイターズ,オリックス・バファローズ,4,5,6,8,3,1,0,0,"0(0),0(0),0(0),3(2),0(3),0(0),0(0),0(0),1(0)",8553,https://npb.jp/scores/2022/0824/f-b-21/
2022年8月24日（水）,東京ドーム,読売ジャイアンツ,中日ドラゴンズ,1,4,5,11,2,1,0,0,"0(2),0(0),0(1),0(0),0(0),0(0),0(0),1(1),0(0)",28813,https://npb.jp/scores/2022/0824/g-d-19/
2022年8月24日（水）,ZOZOマリン,千葉ロッテマリーンズ,埼玉西武ライオンズ,5,2,10,8,1,1,0,0,"0(0),0(0),0(0),2(0),0(1),0(1),2(0),1(0),x(0)",17456,https://npb.jp/scores/2022/0824/m-l-21/
2022年8月24日（水）,神　宮,東京ヤクルトスワローズ,広島東洋カープ,6,2,9,6,0,0,0,0,"0(1),0(0),1(0),2(0),1(1),2(0),0(0),0(0),x(0)",20197,https://npb.jp/scores/2022/0824/s-c-20/
2022年8月24日（水）,京セラD大阪,阪神タイガース,横浜DeNAベイスターズ,0,4,6,6,0,0,0,0,"0(0),0(0),0(0),0(0),0(0),0(0),0(4),0(0),0(0)",24358,https://npb.jp/scores/2022/0824/t-db-21/
2022年8月25日（木）,楽天生命パーク,東北楽天ゴールデンイーグルス,福岡ソフトバンクホークス,7,5,6,11,0,0,0,0,"7(4),0(1),0(0),0(0),0(0),0(0),0(0),0(0),x(0)",14312,https://npb.jp/scores/2022/0825/e-h-18/
2022年8月25日（木）,東京ドーム,読売ジャイアンツ,中日ドラゴンズ,2,1,4,6,1,0,0,0,"0(0),0(0),0(0),1(0),1(1),0(0),0(0),0(0),x(0)",31216,https://npb.jp/scores/2022/0825/g-d-20/
2022年8月25日（木）,ZOZOマリン,千葉ロッテマリーンズ,埼玉西武ライオンズ,6,5,11,7,0,0,0,0,"0(1),0(1),0(0),0(1),0(1),2(0),1(0),2(1),1x(0)",16751,https://npb.jp/scores/2022/0825/m-l-22/
2022年8月25日（木）,神　宮,東京ヤクルトスワローズ,広島東洋カープ,2,3,8,6,0,0,0,0,"0(1),0(0),0(0),0(1),1(0),0(0),1(0),0(0),0(0)",21365,https://npb.jp/scores/2022/0825/s-c-21/
2022年8月25日（木）,京セラD大阪,阪神タイガース,横浜DeNAベイスターズ,5,0,11,9,0,1,0,0,"1(0),0(0),3(0),0(0),0(0),0(0),1(0),0(0),x(0)",22039,https://npb.jp/scores/2022/0825/t-db-22/
2022年8月26日（金）,京セラD大阪,オリックス・バファローズ,埼玉西武ライオンズ,2,3,5,6,1,0,0,0,"0(0),0(0),0(0),2(1),0(0),0(0),0(1),0(0),0(0)",20700,https://npb.jp/scores/2022/0826/b-l-22/
2022年8月26日（金）,マツダスタジアム,広島東洋カープ,読売ジャイアンツ,3,4,12,10,0,0,0,0,"1(3),0(0),2(0),0(0),0(0),0(0),0(1),0(0),0(0)",30457,https://npb.jp/scores/2022/0826/c-g-22/
2022年8月26日（金）,バンテリンドーム,中日ドラゴンズ,阪神タイガース,5,2,14,11,0,0,0,0,"1(0),1(0),1(0),1(0),0(0),1(2),0(0),0(0),x(0)",26637,https://npb.jp/scores/2022/0826/d-t-21/
2022年8月26日（金）,横　浜,横浜DeNAベイスターズ,東京ヤクルトスワローズ,3,6,7,11,0,0,0,0,"0(0),0(0),0(0),0(0),0(0),3(5),0(1),0(0),0(0)",31775,https://npb.jp/scores/2022/0826/db-s-17/
2022年8月26日（金）,札幌ドーム,北海道日本ハムファイターズ,福岡ソフトバンクホークス,0,10,5,13,3,1,0,0,"0(0),0(3),0(0),0(0),0(3),0(0),0(0),0(3),0(1)",16998,https://npb.jp/scores/2022/0826/f-h-22/
2022年8月26日（金）,ZOZOマリン,千葉ロッテマリーンズ,東北楽天ゴールデンイーグルス,2,0,6,3,1,0,0,0,"0(0),0(0),1(0),0(0),0(0),0(0),0(0),1(0),x(0)",24313,https://npb.jp/scores/2022/0826/m-e-21/
2022年8月27日（土）,京セラD大阪,オリックス・バファローズ,埼玉西武ライオンズ,6,0,10,4,0,1,0,0,"2(0),0(0),0(0),0(0),3(0),1(0),0(0),0(0),x(0)",23503,https://npb.jp/scores/2022/0827/b-l-23/
2022年8月27日（土）,マツダスタジアム,広島東洋カープ,読売ジャイアンツ,6,4,8,7,0,1,0,0,"0(0),1(0),0(0),2(2),1(0),0(0),0(0),2(2),x(0)",30556,https://npb.jp/scores/2022/0827/c-g-23/
2022年8月27日（土）,バンテリンドーム,中日ドラゴンズ,阪神タイガース,1,5,5,10,1,0,0,0,"0(3),0(0),1(0),0(0),0(0),0(0),0(0),0(2),0(0)",32028,https://npb.jp/scores/2022/0827/d-t-22/
2022年8月27日（土）,横　浜,横浜DeNAベイスターズ,東京ヤクルトスワローズ,4,16,7,23,1,0,0,0,"1(0),0(0),0(3),0(4),0(2),2(0),1(5),0(2),0(0)",32426,https://npb.jp/scores/2022/0827/db-s-18/
2022年8月27日（土）,札幌ドーム,北海道日本ハムファイターズ,福岡ソフトバンクホークス,2,0,4,0,0,0,0,0,"1(0),1(0),0(0),0(0),0(0),0(0),0(0),0(0),x(0)",23136,https://npb.jp/scores/2022/0827/f-h-23/
2022年8月27日（土）,ZOZOマリン,千葉ロッテマリーンズ,東北楽天ゴールデンイーグルス,3,11,8,17,1,0,0,0,"0(2),0(1),0(0),1(6),0(0),2(0),0(1),0(1),0(0)",25912,https://npb.jp/scores/2022/0827/m-e-22/
2022年8月28日（日）,京セラD大阪,オリックス・バファローズ,埼玉西武ライオンズ,4,10,8,16,1,1,0,0,"1(0),0(0),0(0),0(5),0(1),3(1),0(1),0(2),0(0)",23072,https://npb.jp/scores/2022/0828/b-l-24/
2022年8月28日（日）,マツダスタジアム,広島東洋カープ,読売ジャイアンツ,6,4,8,8,0,2,0,0,"2(2),0(0),2(0),0(2),1(0),1(0),0(0),0(0),x(0)",30437,https://npb.jp/scores/2022/0828/c-g-24/
2022年8月28日（日）,バンテリンドーム,中日ドラゴンズ,阪神タイガース,4,1,7,7,0,0,0,0,"0(0),0(0),0(0),0(0),0(0),3(0),1(0),0(0),x(1)",34964,https://npb.jp/scores/2022/0828/d-t-23/
2022年8月28日（日）,横　浜,横浜DeNAベイスターズ,東京ヤクルトスワローズ,4,5,7,10,1,0,0,0,"0(0),0(2),1(1),0(0),0(1),3(0),0(1),0(0),0(0)",24277,https://npb.jp/scores/2022/0828/db-s-19/
2022年8月28日（日）,札幌ドーム,北海道日本ハムファイターズ,福岡ソフトバンクホークス,0,6,5,11,0,0,0,0,"0(0),0(0),0(1),0(0),0(0),0(1),0(4),0(0),0(0)",19024,https://npb.jp/scores/2022/0828/f-h-24/
2022年8月28日（日）,ZOZOマリン,千葉ロッテマリーンズ,東北楽天ゴールデンイーグルス,9,2,13,8,0,2,0,0,"3(0),1(0),1(1),0(0),3(0),0(0),1(0),0(1),x(0)",26771,https://npb.jp/scores/2022/0828/m-e-23/
2022年8月29日（月）,京セラD大阪,福岡ソフトバンクホークス,千葉ロッテマリーンズ,2,3,6,9,0,0,0,0,"2(1),0(0),0(0),0(0),0(0),0(1),0(1),0(0),0(0)",35097,https://npb.jp/scores/2022/0829/h-m-18/
2022年8月30日（火）,横　浜,横浜DeNAベイスターズ,中日ドラゴンズ,6,0,14,4,0,0,0,0,"0(0),0(0),2(0),1(0),1(0),0(0),0(0),2(0),x(0)",18559,https://npb.jp/scores/2022/0830/db-d-17/
2022年8月30日（火）,楽天生命パーク,東北楽天ゴールデンイーグルス,オリックス・バファローズ,3,4,8,7,0,1,0,0,"1(0),0(0),0(0),2(2),0(0),0(0),0(0),0(0),0(2)",18901,https://npb.jp/scores/2022/0830/e-b-18/
2022年8月30日（火）,京セラD大阪,読売ジャイアンツ,東京ヤクルトスワローズ,2,4,6,7,0,1,0,0,"0(0),0(0),1(2),0(0),0(0),0(0),1(0),0(0),0(0)",26285,https://npb.jp/scores/2022/0830/g-s-22/
2022年8月30日（火）,ベルーナドーム,埼玉西武ライオンズ,北海道日本ハムファイターズ,3,1,5,7,0,0,0,0,"0(0),1(0),0(1),2(0),0(0),0(0),0(0),0(0),x(0)",13390,https://npb.jp/scores/2022/0830/l-f-20/
2022年8月30日（火）,甲子園,阪神タイガース,広島東洋カープ,1,0,7,4,0,0,0,0,"0(0),0(0),0(0),0(0),0(0),0(0),0(0),1(0),x(0)",37274,https://npb.jp/scores/2022/0830/t-c-19/
2022年8月31日（水）,横　浜,横浜DeNAベイスターズ,中日ドラゴンズ,3,2,7,6,1,0,0,0,"0(0),1(1),0(1),0(0),1(0),1(0),0(0),0(0),x(0)",17706,https://npb.jp/scores/2022/0831/db-d-18/
2022年8月31日（水）,楽天生命パーク,東北楽天ゴールデンイーグルス,オリックス・バファローズ,3,8,7,11,1,0,0,0,"2(0),1(2),0(4),0(0),0(0),0(1),0(0),0(1),0(0)",13017,https://npb.jp/scores/2022/0831/e-b-19/
2022年8月31日（水）,京セラD大阪,読売ジャイアンツ,東京ヤクルトスワローズ,8,8,12,10,0,1,0,0,"0(0),4(2),0(0),0(2),3(0),0(2),1(2),0(0),0(0)",23979,https://npb.jp/scores/2022/0831/g-s-23/
2022年8月31日（水）,PayPayドーム,福岡ソフトバンクホークス,千葉ロッテマリーンズ,0,3,9,9,1,0,0,0,"0(0),0(0),0(0),0(2),0(0),0(0),0(0),0(1),0(0)",28304,https://npb.jp/scores/2022/0831/h-m-19/
2022年8月31日（水）,ベルーナドーム,埼玉西武ライオンズ,北海道日本ハムファイターズ,2,4,5,10,1,2,0,0,"0(2),0(0),0(0),0(0),2(0),0(0),0(2),0(0),0(0)",11447,https://npb.jp/scores/2022/0831/l-f-21/
2022年8月31日（水）,甲子園,阪神タイガース,広島東洋カープ,6,5,11,8,0,0,0,0,"0(0),0(0),0(1),4(0),1(4),0(0),1(0),0(0),x(0)",34685,https://npb.jp/scores/2022/0831/t-c-20/
2022年9月1日（木）,横　浜,横浜DeNAベイスターズ,中日ドラゴンズ,7,0,14,7,0,2,0,0,"0(0),0(0),2(0),1(0),0(0),1(0),2(0),1(0),x(0)",16800,https://npb.jp/scores/2022/0901/db-d-19/
2022年9月1日（木）,楽天生命パーク,東北楽天ゴールデンイーグルス,オリックス・バファローズ,11,8,10,12,1,3,0,0,"2(2),2(1),0(2),5(0),0(0),2(0),0(1),0(0),x(2)",12187,https://npb.jp/scores/2022/0901/e-b-20/
2022年9月1日（木）,PayPayドーム,福岡ソフトバンクホークス,千葉ロッテマリーンズ,0,7,4,8,1,0,0,0,"0(0),0(1),0(3),0(0),0(0),0(0),0(0),0(0),0(3)",26007,https://npb.jp/scores/2022/0901/h-m-20/
2022年9月1日（木）,県営大宮,埼玉西武ライオンズ,北海道日本ハムファイターズ,,,,,,,0,0,"(),(),(),(),(),(),(),(),()",0,https://npb.jp/scores/2022/0901/l-f-22/
2022年9月1日（木）,甲子園,阪神タイガース,広島東洋カープ,8,0,13,3,1,3,0,0,"0(0),0(0),1(0),0(0),2(0),5x(0),(),(),()",30147,https://npb.jp/scores/2022/0901/t-c-21/
2022年9月2日（金）,マツダスタジアム,広島東洋カープ,横浜DeNAベイスターズ,2,0,8,7,0,0,0,0,"0(0),0(0),0(0),0(0),0(0),1(0),0(0),1(0),x(0)",30233,https://npb.jp/scores/2022/0902/c-db-21/
2022年9月2日（金）,楽天生命パーク,東北楽天ゴールデンイーグルス,北海道日本ハムファイターズ,1,3,8,7,0,0,0,0,"0(0),0(0),1(0),0(1),0(1),0(1),0(0),0(0),0(0)",15068,https://npb.jp/scores/2022/0902/e-f-20/
2022年9月2日（金）,PayPayドーム,福岡ソフトバンクホークス,埼玉西武ライオンズ,4,0,7,6,0,1,0,0,"0(0),0(0),0(0),0(0),1(0),1(0),2(0),0(0),x(0)",28308,https://npb.jp/scores/2022/0902/h-l-18/
2022年9月2日（金）,ZOZOマリン,千葉ロッテマリーンズ,オリックス・バファローズ,0,1,4,4,0,0,0,0,"0(0),0(0),0(0),0(0),0(1),0(0),0(0),0(0),0(0)",20920,https://npb.jp/scores/2022/0902/m-b-20/
2022年9月2日（金）,神　宮,東京ヤクルトスワローズ,中日ドラゴンズ,5,0,7,4,0,1,0,0,"0(0),0(0),3(0),1(0),0(0),0(0),1(0),0(0),x(0)",26968,https://npb.jp/scores/2022/0902/s-d-19/
2022年9月2日（金）,甲子園,阪神タイガース,読売ジャイアンツ,2,2,11,11,0,0,0,0,"0(0),0(0),0(0),0(0),0(0),0(0),0(0),2(0),0(2)",39566,https://npb.jp/scores/2022/0902/t-g-22/
2022年9月3日（土）,マツダスタジアム,広島東洋カープ,横浜DeNAベイスターズ,4,0,10,5,0,2,0,0,"0(0),0(0),1(0),0(0),2(0),0(0),1(0),0(0),x(0)",30451,https://npb.jp/scores/2022/0903/c-db-22/
2022年9月3日（土）,楽天生命パーク,東北楽天ゴールデンイーグルス,北海道日本ハムファイターズ,5,4,8,9,0,0,0,0,"0(0),0(0),0(0),1(0),2(0),0(4),1(0),0(0),0(0)",21625,https://npb.jp/scores/2022/0903/e-f-21/
2022年9月3日（土）,PayPayドーム,福岡ソフトバンクホークス,埼玉西武ライオンズ,5,2,9,4,0,1,0,0,"0(1),1(0),2(0),1(0),1(0),0(0),0(1),0(0),x(0)",32954,https://npb.jp/scores/2022/0903/h-l-19/
2022年9月3日（土）,ZOZOマリン,千葉ロッテマリーンズ,オリックス・バファローズ,3,4,5,8,0,0,0,0,"0(0),0(0),0(0),0(1),0(0),0(3),3(0),0(0),0(0)",27590,https://npb.jp/scores/2022/0903/m-b-21/
2022年9月3日（土）,神　宮,東京ヤクルトスワローズ,中日ドラゴンズ,1,5,10,10,0,0,0,0,"0(2),0(0),0(0),0(0),0(0),0(1),0(2),1(0),0(0)",29654,https://npb.jp/scores/2022/0903/s-d-20/
2022年9月3日（土）,甲子園,阪神タイガース,読売ジャイアンツ,1,7,4,10,0,0,0,0,"0(0),0(0),0(1),1(0),0(1),0(1),0(4),0(0),0(0)",42620,https://npb.jp/scores/2022/0903/t-g-23/
2022年9月4日（日）,マツダスタジアム,広島東洋カープ,横浜DeNAベイスターズ,7,0,9,7,0,1,0,0,"0(0),0(0),0(0),2(0),0(0),0(0),5(0),0(0),x(0)",30333,https://npb.jp/scores/2022/0904/c-db-23/
2022年9月4日（日）,楽天生命パーク,東北楽天ゴールデンイーグルス,北海道日本ハムファイターズ,2,8,7,10,1,0,0,0,"0(0),0(0),0(2),0(0),0(0),0(3),0(0),0(3),2(0)",18748,https://npb.jp/scores/2022/0904/e-f-22/
2022年9月4日（日）,PayPayドーム,福岡ソフトバンクホークス,埼玉西武ライオンズ,1,4,7,6,1,0,0,0,"0(0),0(0),0(0),0(0),0(0),0(0),1(4),0(0),0(0)",33742,https://npb.jp/scores/2022/0904/h-l-20/
2022年9月4日（日）,ZOZOマリン,千葉ロッテマリーンズ,オリックス・バファローズ,2,5,5,10,1,1,0,0,"0(0),1(3),0(0),0(0),1(2),0(0),0(0),0(0),0(0)",21898,https://npb.jp/scores/2022/0904/m-b-22/
2022年9月4日（日）,神　宮,東京ヤクルトスワローズ,中日ドラゴンズ,3,6,5,14,1,1,0,0,"0(1),0(1),0(0),1(0),0(0),2(4),0(0),0(0),0(0)",23811,https://npb.jp/scores/2022/0904/s-d-21/
2022年9月4日（日）,甲子園,阪神タイガース,読売ジャイアンツ,0,2,7,3,0,0,0,0,"0(0),0(0),0(0),0(0),0(0),0(0),0(2),0(0),0(0)",40785,https://npb.jp/scores/2022/0904/t-g-24/
2022年9月6日（火）,バンテリンドーム,中日ドラゴンズ,広島東洋カープ,2,4,8,10,0,0,0,0,"0(0),0(0),0(4),2(0),0(0),0(0),0(0),0(0),0(0)",23371,https://npb.jp/scores/2022/0906/d-c-21/
2022年9月6日（火）,札幌ドーム,北海道日本ハムファイターズ,オリックス・バファローズ,6,2,10,6,0,0,0,0,"0(0),2(0),0(1),0(0),4(0),0(1),0(0),0(0),x(0)",16001,https://npb.jp/scores/2022/0906/f-b-22/
2022年9月6日（火）,東京ドーム,読売ジャイアンツ,横浜DeNAベイスターズ,1,2,8,6,0,0,0,0,"0(0),0(0),0(1),0(0),1(0),0(0),0(0),0(0),0(0)",35505,https://npb.jp/scores/2022/0906/g-db-17/
2022年9月6日（火）,PayPayドーム,福岡ソフトバンクホークス,東北楽天ゴールデンイーグルス,4,2,9,4,1,0,0,0,"1(1),0(0),1(0),2(0),0(1),0(0),0(0),0(0),x(0)",25851,https://npb.jp/scores/2022/0906/h-e-19/
2022年9月6日（火）,ベルーナドーム,埼玉西武ライオンズ,千葉ロッテマリーンズ,3,2,5,9,1,0,0,0,"0(0),0(0),0(0),3(0),0(1),0(0),0(0),0(1),x(0)",9882,https://npb.jp/scores/2022/0906/l-m-23/
2022年9月6日（火）,甲子園,阪神タイガース,東京ヤクルトスワローズ,6,8,16,15,1,3,0,0,"0(0),0(0),0(0),3(1),0(3),1(1),1(0),0(0),0(0)",34547,https://npb.jp/scores/2022/0906/t-s-20/
2022年9月7日（水）,バンテリンドーム,中日ドラゴンズ,広島東洋カープ,1,3,6,7,1,0,0,0,"1(0),0(0),0(0),0(1),0(0),0(2),0(0),0(0),0(0)",25219,https://npb.jp/scores/2022/0907/d-c-22/
2022年9月7日（水）,札幌ドーム,北海道日本ハムファイターズ,オリックス・バファローズ,3,2,8,6,0,1,0,0,"0(0),0(0),2(2),0(0),0(0),0(0),1(0),0(0),x(0)",16203,https://npb.jp/scores/2022/0907/f-b-23/
2022年9月7日（水）,東京ドーム,読売ジャイアンツ,横浜DeNAベイスターズ,18,3,23,7,0,0,0,0,"1(0),1(0),0(0),9(0),0(1),5(0),2(0),0(2),x(0)",34441,https://npb.jp/scores/2022/0907/g-db-18/
2022年9月7日（水）,PayPayドーム,福岡ソフトバンクホークス,東北楽天ゴールデンイーグルス,3,4,9,8,1,0,0,0,"0(1),0(0),0(0),0(0),0(1),1(1),0(0),0(1),2(0)",28441,https://npb.jp/scores/2022/0907/h-e-20/
2022年9月7日（水）,ベルーナドーム,埼玉西武ライオンズ,千葉ロッテマリーンズ,1,7,3,14,0,0,0,0,"0(3),0(0),0(1),1(0),0(1),0(2),0(0),0(0),0(0)",12497,https://npb.jp/scores/2022/0907/l-m-24/
2022年9月7日（水）,甲子園,阪神タイガース,東京ヤクルトスワローズ,9,1,8,5,0,1,0,0,"0(0),0(0),0(0),6(0),0(0),1(1),2(0),0(0),x(0)",36796,https://npb.jp/scores/2022/0907/t-s-21/
2022年9月8日（木）,バンテリンドーム,中日ドラゴンズ,広島東洋カープ,2,0,9,3,0,0,0,0,"0(0),0(0),0(0),1(0),0(0),0(0),0(0),1(0),x(0)",24791,https://npb.jp/scores/2022/0908/d-c-23/
2022年9月8日（木）,東京ドーム,読売ジャイアンツ,横浜DeNAベイスターズ,6,5,6,9,0,0,0,0,"0(0),0(0),0(0),3(4),3(0),0(0),0(0),0(1),x(0)",33744,https://npb.jp/scores/2022/0908/g-db-19/
2022年9月8日（木）,PayPayドーム,福岡ソフトバンクホークス,東北楽天ゴールデンイーグルス,3,7,5,10,2,1,0,0,"2(0),0(0),0(0),0(4),0(0),0(0),0(1),1(2),0(0)",30452,https://npb.jp/scores/2022/0908/h-e-21/
2022年9月8日（木）,ベルーナドーム,埼玉西武ライオンズ,オリックス・バファローズ,0,5,6,6,1,0,0,0,"0(0),0(0),0(0),0(1),0(0),0(0),0(1),0(2),0(1)",11112,https://npb.jp/scores/2022/0908/l-b-25/
2022年9月8日（木）,ZOZOマリン,千葉ロッテマリーンズ,北海道日本ハムファイターズ,10,2,10,4,0,1,0,0,"0(0),0(0),0(0),0(0),0(0),1(0),1(0),8(2),x(0)",15361,https://npb.jp/scores/2022/0908/m-f-17/
2022年9月9日（金）,横　浜,横浜DeNAベイスターズ,阪神タイガース,9,2,11,7,0,0,0,0,"0(2),0(0),0(0),1(0),7(0),0(0),1(0),0(0),x(0)",29042,https://npb.jp/scores/2022/0909/db-t-23/
2022年9月9日（金）,東京ドーム,読売ジャイアンツ,中日ドラゴンズ,1,3,7,8,0,0,0,0,"0(0),0(0),0(0),0(0),0(0),0(1),0(0),0(0),1(0)",27836,https://npb.jp/scores/2022/0909/g-d-21/
2022年9月9日（金）,神　宮,東京ヤクルトスワローズ,広島東洋カープ,7,6,11,11,0,0,0,0,"0(0),1(0),0(1),1(3),2(0),3(0),0(2),0(0),x(0)",24694,https://npb.jp/scores/2022/0909/s-c-22/
2022年9月10日（土）,京セラD大阪,オリックス・バファローズ,福岡ソフトバンクホークス,5,2,10,4,2,0,0,0,"0(1),1(0),1(0),2(0),1(0),0(0),0(1),0(0),x(0)",24457,https://npb.jp/scores/2022/0910/b-h-21/
2022年9月10日（土）,横　浜,横浜DeNAベイスターズ,阪神タイガース,7,0,9,3,0,2,0,0,"1(0),0(0),4(0),0(0),0(0),0(0),0(0),2(0),x(0)",30343,https://npb.jp/scores/2022/0910/db-t-24/
2022年9月10日（土）,楽天生命パーク,東北楽天ゴールデンイーグルス,千葉ロッテマリーンズ,4,6,9,10,1,0,0,0,"0(0),0(2),0(3),0(0),3(1),1(0),0(0),0(0),0(0)",19274,https://npb.jp/scores/2022/0910/e-m-24/
2022年9月10日（土）,東京ドーム,読売ジャイアンツ,中日ドラゴンズ,2,5,5,10,0,0,0,0,"0(0),0(0),0(0),0(0),0(1),0(1),0(0),2(3),0(0)",39754,https://npb.jp/scores/2022/0910/g-d-22/
2022年9月10日（土）,ベルーナドーム,埼玉西武ライオンズ,北海道日本ハムファイターズ,1,2,5,4,0,0,0,0,"0(0),0(0),0(0),0(0),0(0),0(0),0(0),0(1),1(0)",27516,https://npb.jp/scores/2022/0910/l-f-22/
2022年9月10日（土）,神　宮,東京ヤクルトスワローズ,広島東洋カープ,7,15,11,20,1,1,0,0,"1(0),0(0),0(12),6(0),0(0),0(3),0(0),0(0),0(0)",29716,https://npb.jp/scores/2022/0910/s-c-23/
2022年9月11日（日）,京セラD大阪,オリックス・バファローズ,福岡ソフトバンクホークス,3,4,8,9,0,3,0,0,"0(3),0(0),0(1),0(0),0(0),2(0),0(0),1(0),0(0)",23604,https://npb.jp/scores/2022/0911/b-h-22/
2022年9月11日（日）,マツダスタジアム,広島東洋カープ,読売ジャイアンツ,0,7,5,12,0,0,0,0,"0(2),0(1),0(2),0(0),0(0),0(1),0(0),0(1),0(0)",30513,https://npb.jp/scores/2022/0911/c-g-25/
2022年9月11日（日）,横　浜,横浜DeNAベイスターズ,東京ヤクルトスワローズ,0,1,7,8,0,1,0,0,"0(0),0(0),0(0),0(0),0(1),0(0),0(0),0(0),0(0)",32094,https://npb.jp/scores/2022/0911/db-s-20/
2022年9月11日（日）,楽天生命パーク,東北楽天ゴールデンイーグルス,千葉ロッテマリーンズ,3,2,6,4,0,1,0,0,"0(0),0(0),0(0),0(2),0(0),0(0),0(0),3(0),x(0)",20657,https://npb.jp/scores/2022/0911/e-m-25/
2022年9月11日（日）,ベルーナドーム,埼玉西武ライオンズ,北海道日本ハムファイターズ,3,0,7,5,0,0,0,0,"0(0),1(0),2(0),0(0),0(0),0(0),0(0),0(0),x(0)",26539,https://npb.jp/scores/2022/0911/l-f-23/
2022年9月11日（日）,甲子園,阪神タイガース,中日ドラゴンズ,5,0,7,8,1,0,0,0,"0(0),0(0),0(0),1(0),0(0),4(0),0(0),0(0),x(0)",37088,https://npb.jp/scores/2022/0911/t-d-24/
2022年9月12日（月）,横　浜,横浜DeNAベイスターズ,東京ヤクルトスワローズ,7,1,11,6,1,1,0,0,"0(1),0(0),0(0),5(0),0(0),1(0),1(0),0(0),x(0)",25923,https://npb.jp/scores/2022/0912/db-s-21/
2022年9月12日（月）,楽天生命パーク,東北楽天ゴールデンイーグルス,オリックス・バファローズ,8,2,12,6,0,2,0,0,"0(0),0(1),1(0),0(0),2(0),2(0),3(0),0(0),x(1)",14115,https://npb.jp/scores/2022/0912/e-b-21/
2022年9月12日（月）,PayPayドーム,福岡ソフトバンクホークス,埼玉西武ライオンズ,7,5,10,11,0,0,0,0,"0(0),0(1),4(0),1(0),0(0),0(2),2(0),0(2),x(0)",35642,https://npb.jp/scores/2022/0912/h-l-21/
2022年9月12日（月）,ZOZOマリン,千葉ロッテマリーンズ,北海道日本ハムファイターズ,3,0,8,7,0,0,0,0,"1(0),0(0),1(0),1(0),0(0),0(0),0(0),0(0),x(0)",21530,https://npb.jp/scores/2022/0912/m-f-18/
2022年9月12日（月）,甲子園,阪神タイガース,中日ドラゴンズ,6,2,13,7,0,0,0,0,"1(1),0(0),0(0),0(0),0(0),2(0),1(0),2(0),x(1)",34012,https://npb.jp/scores/2022/0912/t-d-25/
2022年9月13日（火）,バンテリンドーム,中日ドラゴンズ,横浜DeNAベイスターズ,0,1,4,1,0,0,0,0,"0(0),0(0),0(0),0(0),0(0),0(0),0(1),0(0),0(0)",23967,https://npb.jp/scores/2022/0913/d-db-20/
2022年9月13日（火）,楽天生命パーク,東北楽天ゴールデンイーグルス,オリックス・バファローズ,3,3,10,5,1,0,0,0,"0(0),0(1),0(0),0(2),0(0),0(0),3(0),0(0),0(0)",12715,https://npb.jp/scores/2022/0913/e-b-22/
2022年9月13日（火）,PayPayドーム,福岡ソフトバンクホークス,埼玉西武ライオンズ,9,0,11,5,0,0,0,0,"0(0),0(0),0(0),1(0),1(0),0(0),2(0),5(0),x(0)",34614,https://npb.jp/scores/2022/0913/h-l-22/
2022年9月13日（火）,ZOZOマリン,千葉ロッテマリーンズ,北海道日本ハムファイターズ,3,11,8,16,1,0,0,0,"1(0),1(0),0(0),0(4),0(4),0(0),1(0),0(0),0(3)",19420,https://npb.jp/scores/2022/0913/m-f-19/
2022年9月13日（火）,神　宮,東京ヤクルトスワローズ,読売ジャイアンツ,7,9,9,18,1,2,0,0,"1(0),0(1),0(0),1(2),0(4),1(0),1(0),0(1),3(1)",27039,https://npb.jp/scores/2022/0913/s-g-24/
2022年9月13日（火）,甲子園,阪神タイガース,広島東洋カープ,3,6,11,10,2,0,0,0,"0(0),0(0),0(0),0(2),1(0),0(3),0(0),2(1),0(0)",35726,https://npb.jp/scores/2022/0913/t-c-22/
2022年9月14日（水）,バンテリンドーム,中日ドラゴンズ,横浜DeNAベイスターズ,3,2,8,7,0,0,0,0,"1(0),0(2),0(0),0(0),1(0),1(0),0(0),0(0),x(0)",22204,https://npb.jp/scores/2022/0914/d-db-21/
2022年9月14日（水）,PayPayドーム,福岡ソフトバンクホークス,埼玉西武ライオンズ,6,1,10,8,0,0,0,0,"5(0),0(0),0(0),0(1),0(0),0(0),0(0),1(0),x(0)",31858,https://npb.jp/scores/2022/0914/h-l-23/
2022年9月14日（水）,ZOZOマリン,千葉ロッテマリーンズ,北海道日本ハムファイターズ,8,1,8,5,1,2,0,0,"0(1),0(0),0(0),0(0),4(0),4(0),0(0),0(0),x(0)",18975,https://npb.jp/scores/2022/0914/m-f-20/
2022年9月14日（水）,甲子園,阪神タイガース,広島東洋カープ,6,5,8,13,0,1,0,0,"2(2),0(0),0(0),0(0),1(1),3(1),0(1),0(0),x(0)",34584,https://npb.jp/scores/2022/0914/t-c-23/
2022年9月15日（木）,京セラD大阪,オリックス・バファローズ,北海道日本ハムファイターズ,3,2,11,12,0,0,0,0,"0(0),1(0),0(1),0(0),0(0),0(0),0(0),1(0),0(1)",18843,https://npb.jp/scores/2022/0915/b-f-24/
2022年9月15日（木）,楽天生命パーク,東北楽天ゴールデンイーグルス,福岡ソフトバンクホークス,3,7,8,15,1,1,0,0,"0(0),0(1),0(3),0(0),0(2),0(0),1(0),2(1),0(0)",15078,https://npb.jp/scores/2022/0915/e-h-22/
2022年9月15日（木）,ZOZOマリン,千葉ロッテマリーンズ,埼玉西武ライオンズ,8,1,11,5,0,1,0,0,"0(0),2(0),2(0),2(0),0(0),0(0),2(0),0(0),x(1)",20476,https://npb.jp/scores/2022/0915/m-l-25/
2022年9月16日（金）,京セラD大阪,オリックス・バファローズ,北海道日本ハムファイターズ,3,6,10,12,1,1,0,0,"0(0),0(0),1(0),0(0),0(4),1(0),0(0),1(2),0(0)",21562,https://npb.jp/scores/2022/0916/b-f-25/
2022年9月16日（金）,バンテリンドーム,中日ドラゴンズ,東京ヤクルトスワローズ,8,0,10,2,0,0,0,0,"0(0),0(0),4(0),1(0),2(0),0(0),1(0),0(0),x(0)",30063,https://npb.jp/scores/2022/0916/d-s-22/
2022年9月16日（金）,横　浜,横浜DeNAベイスターズ,広島東洋カープ,3,5,11,10,1,0,0,0,"1(0),0(0),0(0),0(0),0(0),2(2),0(3),0(0),0(0)",24011,https://npb.jp/scores/2022/0916/db-c-24/
2022年9月16日（金）,楽天生命パーク,東北楽天ゴールデンイーグルス,福岡ソフトバンクホークス,2,6,6,9,1,1,0,0,"0(3),0(0),1(0),1(0),0(0),0(0),0(3),0(0),0(0)",16336,https://npb.jp/scores/2022/0916/e-h-23/
2022年9月17日（土）,京セラD大阪,オリックス・バファローズ,福岡ソフトバンクホークス,2,0,4,4,0,0,0,0,"1(0),0(0),1(0),0(0),0(0),0(0),0(0),0(0),x(0)",27019,https://npb.jp/scores/2022/0917/b-h-23/
2022年9月17日（土）,バンテリンドーム,中日ドラゴンズ,東京ヤクルトスワローズ,3,3,9,10,0,1,0,0,"0(0),0(0),0(0),0(1),0(0),1(0),0(0),0(0),0(0)",34048,https://npb.jp/scores/2022/0917/d-s-23/
2022年9月17日（土）,横　浜,横浜DeNAベイスターズ,広島東洋カープ,3,10,6,16,0,0,0,0,"2(0),0(0),0(3),0(0),1(0),0(3),0(0),0(4),0(0)",29875,https://npb.jp/scores/2022/0917/db-c-25/
2022年9月17日（土）,札幌ドーム,北海道日本ハムファイターズ,千葉ロッテマリーンズ,5,4,9,8,1,0,0,0,"0(0),1(0),0(0),0(0),0(0),1(0),0(0),2(4),1x(0)",41138,https://npb.jp/scores/2022/0917/f-m-21/
2022年9月17日（土）,東京ドーム,読売ジャイアンツ,阪神タイガース,3,2,9,5,0,0,0,0,"0(0),0(1),0(0),0(0),1(0),2(0),0(1),0(0),x(0)",40747,https://npb.jp/scores/2022/0917/g-t-25/
2022年9月17日（土）,ベルーナドーム,埼玉西武ライオンズ,東北楽天ゴールデンイーグルス,0,3,4,7,1,0,0,0,"0(0),0(0),0(0),0(3),0(0),0(0),0(0),0(0),0(0)",24167,https://npb.jp/scores/2022/0917/l-e-21/
2022年9月18日（日）,京セラD大阪,オリックス・バファローズ,福岡ソフトバンクホークス,2,0,6,4,0,0,0,0,"0(0),0(0),1(0),1(0),0(0),0(0),0(0),0(0),x(0)",28252,https://npb.jp/scores/2022/0918/b-h-24/
2022年9月18日（日）,マツダスタジアム,広島東洋カープ,中日ドラゴンズ,,,,,,,0,0,"(),(),(),(),(),(),(),(),()",0,https://npb.jp/scores/2022/0918/c-d-24/
2022年9月18日（日）,札幌ドーム,北海道日本ハムファイターズ,千葉ロッテマリーンズ,4,7,8,9,1,2,0,0,"1(1),2(0),0(1),0(1),0(0),0(0),0(0),1(0),0(4)",31950,https://npb.jp/scores/2022/0918/f-m-22/
2022年9月18日（日）,東京ドーム,読売ジャイアンツ,横浜DeNAベイスターズ,1,3,8,10,2,1,0,0,"0(0),0(0),0(0),0(0),0(0),1(2),0(0),0(0),0(1)",40709,https://npb.jp/scores/2022/0918/g-db-20/
2022年9月18日（日）,ベルーナドーム,埼玉西武ライオンズ,東北楽天ゴールデンイーグルス,3,4,7,5,0,0,0,0,"0(1),0(0),0(0),3(3),0(0),0(0),0(0),0(0),0(0)",27471,https://npb.jp/scores/2022/0918/l-e-22/
2022年9月18日（日）,甲子園,阪神タイガース,東京ヤクルトスワローズ,0,1,6,3,3,0,0,0,"0(0),0(0),0(0),0(0),0(0),0(1),0(0),0(0),0(0)",42614,https://npb.jp/scores/2022/0918/t-s-22/
2022年9月19日（月）,京セラD大阪,オリックス・バファローズ,福岡ソフトバンクホークス,6,5,12,10,2,1,0,0,"2(0),0(0),2(0),0(3),0(0),0(2),0(0),0(0),1(0)",24889,https://npb.jp/scores/2022/0919/b-h-25/
2022年9月19日（月）,札幌ドーム,北海道日本ハムファイターズ,千葉ロッテマリーンズ,4,0,12,6,0,0,0,0,"4(0),0(0),0(0),0(0),0(0),0(0),0(0),0(0),x(0)",35974,https://npb.jp/scores/2022/0919/f-m-23/
2022年9月19日（月）,東京ドーム,読売ジャイアンツ,横浜DeNAベイスターズ,5,3,6,7,0,0,0,0,"0(1),3(0),0(0),1(0),0(0),1(0),0(0),0(1),x(1)",38385,https://npb.jp/scores/2022/0919/g-db-21/
2022年9月19日（月）,ベルーナドーム,埼玉西武ライオンズ,東北楽天ゴールデンイーグルス,4,6,6,13,1,0,0,0,"0(0),0(2),0(0),0(0),1(0),0(0),2(2),0(0),1(0)",27475,https://npb.jp/scores/2022/0919/l-e-23/
2022年9月20日（火）,マツダスタジアム,広島東洋カープ,中日ドラゴンズ,3,5,10,7,2,0,0,0,"3(1),0(0),0(0),0(1),0(0),0(0),0(1),0(0),0(0)",11736,https://npb.jp/scores/2022/0920/c-d-24/
2022年9月20日（火）,札幌ドーム,北海道日本ハムファイターズ,福岡ソフトバンクホークス,1,3,4,7,1,0,0,0,"0(0),0(1),0(0),0(1),0(1),1(0),0(0),0(0),0(0)",17960,https://npb.jp/scores/2022/0920/f-h-25/
2022年9月20日（火）,東京ドーム,読売ジャイアンツ,東京ヤクルトスワローズ,5,4,7,11,0,1,0,0,"0(1),0(1),3(0),1(0),0(0),1(1),0(0),0(1),x(0)",40751,https://npb.jp/scores/2022/0920/g-s-25/
2022年9月20日（火）,ベルーナドーム,埼玉西武ライオンズ,東北楽天ゴールデンイーグルス,4,1,8,8,0,0,0,0,"1(0),0(0),0(0),0(0),1(1),0(0),0(0),2(0),x(0)",14063,https://npb.jp/scores/2022/0920/l-e-24/
2022年9月20日（火）,ZOZOマリン,千葉ロッテマリーンズ,オリックス・バファローズ,3,6,8,10,0,0,0,0,"0(0),0(1),1(0),0(0),0(1),0(1),2(0),0(1),0(2)",21035,https://npb.jp/scores/2022/0920/m-b-23/
2022年9月20日（火）,甲子園,阪神タイガース,横浜DeNAベイスターズ,4,5,8,11,0,1,0,0,"1(1),0(0),0(0),0(0),0(0),0(1),0(0),3(0),0(3)",33203,https://npb.jp/scores/2022/0920/t-db-25/
2022年9月21日（水）,バンテリンドーム,中日ドラゴンズ,東京ヤクルトスワローズ,2,6,5,8,1,1,0,0,"0(0),0(0),2(0),0(3),0(1),0(0),0(0),0(2),0(0)",23835,https://npb.jp/scores/2022/0921/d-s-24/
2022年9月21日（水）,横　浜,横浜DeNAベイスターズ,読売ジャイアンツ,1,2,6,6,0,1,0,0,"0(1),0(0),0(0),1(0),0(1),0(0),0(0),0(0),0(0)",25909,https://npb.jp/scores/2022/0921/db-g-22/
2022年9月21日（水）,甲子園,阪神タイガース,広島東洋カープ,4,10,9,13,2,1,0,0,"2(0),0(4),0(0),0(0),1(0),1(0),0(0),0(0),0(0)",42267,https://npb.jp/scores/2022/0921/t-c-24/
2022年9月22日（木）,京セラD大阪,オリックス・バファローズ,千葉ロッテマリーンズ,5,13,14,18,1,2,0,0,"1(4),0(0),0(0),0(2),0(0),0(3),3(1),1(3),0(0)",21841,https://npb.jp/scores/2022/0922/b-m-24/
2022年9月22日（木）,横　浜,横浜DeNAベイスターズ,読売ジャイアンツ,3,0,8,5,1,0,0,0,"1(0),0(0),0(0),0(0),0(0),1(0),1(0),0(0),x(0)",24311,https://npb.jp/scores/2022/0922/db-g-23/
2022年9月22日（木）,神　宮,東京ヤクルトスワローズ,中日ドラゴンズ,0,3,1,10,0,0,0,0,"0(0),0(0),0(0),0(0),0(2),0(0),0(1),0(0),0(0)",29082,https://npb.jp/scores/2022/0922/s-d-25/
2022年9月23日（金）,マツダスタジアム,広島東洋カープ,阪神タイガース,3,7,9,12,0,0,0,0,"1(4),0(0),0(0),2(1),0(0),0(2),0(0),0(0),0(0)",30593,https://npb.jp/scores/2022/0923/c-t-25/
2022年9月23日（金）,バンテリンドーム,中日ドラゴンズ,読売ジャイアンツ,3,9,9,15,1,0,0,0,"0(0),0(3),1(0),0(0),0(1),2(5),0(0),0(0),0(0)",35669,https://npb.jp/scores/2022/0923/d-g-23/
2022年9月23日（金）,楽天生命パーク,東北楽天ゴールデンイーグルス,北海道日本ハムファイターズ,3,6,7,13,1,0,0,0,"0(0),0(0),0(0),1(0),0(0),0(2),1(0),0(0),0(0)",23319,https://npb.jp/scores/2022/0923/e-f-23/
2022年9月23日（金）,PayPayドーム,福岡ソフトバンクホークス,千葉ロッテマリーンズ,3,6,12,6,0,0,0,0,"0(0),0(0),0(0),1(2),0(0),0(0),2(0),0(0),0(1)",34563,https://npb.jp/scores/2022/0923/h-m-21/
2022年9月23日（金）,神　宮,東京ヤクルトスワローズ,横浜DeNAベイスターズ,6,8,7,16,1,2,0,0,"0(3),0(0),0(3),1(1),0(1),0(0),0(0),0(0),5(0)",29402,https://npb.jp/scores/2022/0923/s-db-22/
2022年9月24日（土）,バンテリンドーム,中日ドラゴンズ,読売ジャイアンツ,2,1,8,4,2,1,0,0,"1(0),0(1),1(0),0(0),0(0),0(0),0(0),0(0),x(0)",35180,https://npb.jp/scores/2022/0924/d-g-24/
2022年9月24日（土）,楽天生命パーク,東北楽天ゴールデンイーグルス,オリックス・バファローズ,1,9,3,15,0,0,0,0,"0(2),0(0),0(0),0(0),0(2),0(0),0(2),0(3),1(0)",21332,https://npb.jp/scores/2022/0924/e-b-23/
2022年9月24日（土）,札幌ドーム,北海道日本ハムファイターズ,埼玉西武ライオンズ,2,6,5,16,1,2,0,0,"0(0),0(0),0(0),0(1),0(2),0(0),2(0),0(3),0(0)",32759,https://npb.jp/scores/2022/0924/f-l-24/
2022年9月24日（土）,PayPayドーム,福岡ソフトバンクホークス,千葉ロッテマリーンズ,6,0,11,5,0,0,0,0,"1(0),1(0),0(0),4(0),0(0),0(0),0(0),0(0),x(0)",38250,https://npb.jp/scores/2022/0924/h-m-22/
2022年9月24日（土）,神　宮,東京ヤクルトスワローズ,横浜DeNAベイスターズ,8,1,15,8,0,0,0,0,"1(0),1(0),2(0),0(0),2(0),0(0),2(0),0(1),x(0)",29437,https://npb.jp/scores/2022/0924/s-db-23/
2022年9月25日（日）,バンテリンドーム,中日ドラゴンズ,読売ジャイアンツ,7,1,13,6,0,1,0,0,"0(0),1(0),1(0),0(0),3(0),2(1),0(0),0(0),x(0)",35123,https://npb.jp/scores/2022/0925/d-g-25/
2022年9月25日（日）,札幌ドーム,北海道日本ハムファイターズ,東北楽天ゴールデンイーグルス,0,6,1,11,0,0,0,0,"0(0),0(0),0(0),0(0),0(2),0(0),0(0),0(4),0(0)",22619,https://npb.jp/scores/2022/0925/f-e-24/
2022年9月25日（日）,PayPayドーム,福岡ソフトバンクホークス,千葉ロッテマリーンズ,10,0,10,7,0,1,0,0,"0(0),0(0),2(0),3(0),3(0),0(0),2(0),0(0),x(0)",36028,https://npb.jp/scores/2022/0925/h-m-23/
2022年9月25日（日）,神　宮,東京ヤクルトスワローズ,横浜DeNAベイスターズ,1,0,5,3,0,0,0,0,"0(0),0(0),0(0),0(0),0(0),0(0),0(0),0(0),1x(0)",29714,https://npb.jp/scores/2022/0925/s-db-24/
2022年9月26日（月）,札幌ドーム,北海道日本ハムファイターズ,東北楽天ゴールデンイーグルス,3,2,4,5,1,2,0,0,"0(0),0(0),1(0),2(0),0(0),0(0),0(0),0(2),x(0)",16923,https://npb.jp/scores/2022/0926/f-e-25/
2022年9月26日（月）,PayPayドーム,福岡ソフトバンクホークス,千葉ロッテマリーンズ,2,1,6,7,0,1,0,0,"0(0),0(0),0(0),0(0),1(0),0(1),0(0),1(0),x(0)",39562,https://npb.jp/scores/2022/0926/h-m-24/
2022年9月27日（火）,京セラD大阪,オリックス・バファローズ,東北楽天ゴールデンイーグルス,1,6,3,8,0,0,0,0,"0(0),1(2),0(2),0(1),0(0),0(0),0(1),0(0),0(0)",20092,https://npb.jp/scores/2022/0927/b-e-24/
2022年9月27日（火）,横　浜,横浜DeNAベイスターズ,中日ドラゴンズ,8,3,12,9,0,1,0,0,"0(0),0(0),1(2),2(1),0(0),0(0),0(0),5(0),x(0)",25330,https://npb.jp/scores/2022/0927/db-d-22/
2022年9月27日（火）,札幌ドーム,北海道日本ハムファイターズ,千葉ロッテマリーンズ,14,0,16,4,0,1,0,0,"2(0),4(0),2(0),2(0),0(0),1(0),3(0),0(0),x(0)",19267,https://npb.jp/scores/2022/0927/f-m-24/
2022年9月27日（火）,ベルーナドーム,埼玉西武ライオンズ,福岡ソフトバンクホークス,4,1,7,7,0,2,0,0,"2(0),0(0),0(0),0(0),2(0),0(0),0(1),0(0),x(0)",24030,https://npb.jp/scores/2022/0927/l-h-24/
2022年9月27日（火）,神　宮,東京ヤクルトスワローズ,阪神タイガース,1,4,6,6,0,0,0,0,"0(1),0(0),0(0),0(1),0(2),1(0),0(0),0(0),0(0)",29355,https://npb.jp/scores/2022/0927/s-t-23/
2022年9月28日（水）,横　浜,横浜DeNAベイスターズ,中日ドラゴンズ,0,1,2,6,1,0,0,0,"0(0),0(0),0(0),0(0),0(0),0(0),0(0),0(1),0(0)",21757,https://npb.jp/scores/2022/0928/db-d-23/
2022年9月28日（水）,楽天生命パーク,東北楽天ゴールデンイーグルス,埼玉西武ライオンズ,0,1,4,6,0,1,0,0,"0(0),0(0),0(0),0(0),0(1),0(0),0(0),0(0),0(0)",17313,https://npb.jp/scores/2022/0928/e-l-25/
2022年9月28日（水）,札幌ドーム,北海道日本ハムファイターズ,千葉ロッテマリーンズ,3,11,9,12,0,0,0,0,"2(0),0(0),0(0),1(6),0(0),0(0),0(4),0(1),0(0)",41138,https://npb.jp/scores/2022/0928/f-m-25/
2022年9月28日（水）,神　宮,東京ヤクルトスワローズ,阪神タイガース,1,2,4,7,0,1,0,0,"0(1),0(0),0(0),0(0),0(0),1(0),0(0),0(1),0(0)",29626,https://npb.jp/scores/2022/0928/s-t-24/
2022年9月29日（木）,マツダスタジアム,広島東洋カープ,東京ヤクルトスワローズ,4,5,9,9,1,0,0,0,"0(0),2(0),2(0),0(0),0(1),0(1),0(3),0(0),0(0)",23342,https://npb.jp/scores/2022/0929/c-s-24/
2022年9月29日（木）,横　浜,横浜DeNAベイスターズ,中日ドラゴンズ,6,1,8,3,2,2,0,0,"0(1),1(0),0(0),1(0),4(0),0(0),0(0),0(0),x(0)",21695,https://npb.jp/scores/2022/0929/db-d-24/
2022年9月29日（木）,楽天生命パーク,東北楽天ゴールデンイーグルス,福岡ソフトバンクホークス,4,5,7,10,0,0,0,0,"1(4),2(0),1(0),0(0),0(1),0(0),0(0),0(0),0(0)",14360,https://npb.jp/scores/2022/0929/e-h-24/
2022年9月30日（金）,京セラD大阪,オリックス・バファローズ,千葉ロッテマリーンズ,4,3,7,9,0,1,0,0,"2(1),0(0),0(0),0(0),0(0),0(0),0(1),1(0),1x(1)",31442,https://npb.jp/scores/2022/0930/b-m-25/
2022年9月30日（金）,マツダスタジアム,広島東洋カープ,東京ヤクルトスワローズ,1,5,6,9,1,0,0,0,"0(0),0(0),0(3),0(0),0(0),0(2),0(0),0(0),1(0)",27536,https://npb.jp/scores/2022/0930/c-s-25/
2022年9月30日（金）,横　浜,横浜DeNAベイスターズ,中日ドラゴンズ,1,6,6,11,0,0,0,0,"0(0),1(0),0(0),0(1),0(0),0(1),0(0),0(2),0(2)",23075,https://npb.jp/scores/2022/0930/db-d-25/
2022年9月30日（金）,楽天生命パーク,東北楽天ゴールデンイーグルス,福岡ソフトバンクホークス,1,5,4,8,1,0,0,0,"0(0),0(0),0(0),1(3),0(0),0(2),0(0),0(0),0(0)",18642,https://npb.jp/scores/2022/0930/e-h-25/
2022年10月1日（土）,横　浜,横浜DeNAベイスターズ,読売ジャイアンツ,1,0,5,3,0,0,0,0,"1(0),0(0),0(0),0(0),0(0),0(0),0(0),0(0),x(0)",32819,https://npb.jp/scores/2022/1001/db-g-24/
2022年10月1日（土）,ベルーナドーム,埼玉西武ライオンズ,福岡ソフトバンクホークス,3,1,6,7,0,0,0,0,"0(0),0(0),0(0),1(0),0(0),0(0),0(0),0(0),0(1)",27313,https://npb.jp/scores/2022/1001/l-h-25/
2022年10月2日（日）,マツダスタジアム,広島東洋カープ,中日ドラゴンズ,0,3,3,13,0,0,0,0,"0(0),0(0),0(0),0(0),0(0),0(2),0(0),0(0),0(1)",28009,https://npb.jp/scores/2022/1002/c-d-25/
2022年10月2日（日）,横　浜,横浜DeNAベイスターズ,読売ジャイアンツ,2,3,12,5,0,1,0,0,"0(1),0(0),0(2),0(0),0(0),0(0),1(0),0(0),1(0)",32817,https://npb.jp/scores/2022/1002/db-g-25/
2022年10月2日（日）,楽天生命パーク,東北楽天ゴールデンイーグルス,オリックス・バファローズ,2,5,7,9,0,0,0,0,"0(0),0(0),0(0),2(0),0(3),0(0),0(0),0(0),0(2)",25339,https://npb.jp/scores/2022/1002/e-b-25/
2022年10月2日（日）,ベルーナドーム,埼玉西武ライオンズ,北海道日本ハムファイターズ,2,4,5,6,0,0,0,0,"0(0),0(0),0(0),2(0),0(4),0(0),0(0),0(0),0(0)",27259,https://npb.jp/scores/2022/1002/l-f-25/
2022年10月2日（日）,ZOZOマリン,千葉ロッテマリーンズ,福岡ソフトバンクホークス,5,3,8,8,1,1,0,0,"0(1),0(0),0(0),0(1),0(0),3(0),2(0),0(1),x(0)",29312,https://npb.jp/scores/2022/1002/m-h-25/
2022年10月2日（日）,甲子園,阪神タイガース,東京ヤクルトスワローズ,3,3,8,11,1,0,0,0,"0(0),0(0),0(0),0(0),0(0),1(0),0(0),0(0),2(3)",42539,https://npb.jp/scores/2022/1002/t-s-25/
2022年10月3日（月）,神　宮,東京ヤクルトスワローズ,横浜DeNAベイスターズ,8,2,12,7,0,0,0,0,"0(0),0(2),5(0),0(0),0(0),2(0),1(0),0(0),x(0)",29756,https://npb.jp/scores/2022/1003/s-db-25/
2022年10月8日（土）,横　浜,横浜DeNAベイスターズ,阪神タイガース,0,2,6,9,0,1,0,0,"0(0),0(0),0(0),0(0),0(2),0(0),0(0),0(0),0(0)",33033,https://npb.jp/scores/2022/1008/db-t-01/
2022年10月8日（土）,PayPayドーム,福岡ソフトバンクホークス,埼玉西武ライオンズ,5,3,7,6,1,2,0,0,"0(0),0(0),4(0),0(0),0(2),1(1),0(0),0(0),x(0)",32134,https://npb.jp/scores/2022/1008/h-l-01/
2022年10月9日（日）,横　浜,横浜DeNAベイスターズ,阪神タイガース,1,0,5,2,0,0,0,0,"0(0),0(0),0(0),0(0),1(0),0(0),0(0),0(0),x(0)",33037,https://npb.jp/scores/2022/1009/db-t-02/
2022年10月9日（日）,PayPayドーム,福岡ソフトバンクホークス,埼玉西武ライオンズ,8,2,11,6,1,0,0,0,"0(0),0(0),4(0),1(0),0(1),0(0),2(0),1(0),x(1)",39354,https://npb.jp/scores/2022/1009/h-l-02/
2022年10月10日（月）,横　浜,横浜DeNAベイスターズ,阪神タイガース,2,3,5,6,0,2,0,0,"0(0),1(0),1(0),0(1),0(0),0(2),0(0),0(0),0(0)",32977,https://npb.jp/scores/2022/1010/db-t-03/
2022年10月12日（水）,京セラD大阪,オリックス・バファローズ,福岡ソフトバンクホークス,5,0,8,6,0,0,0,0,"0(0),0(0),0(0),1(0),3(0),0(0),1(0),0(0),x(0)",24509,https://npb.jp/scores/2022/1012/b-h-01/
2022年10月12日（水）,神　宮,東京ヤクルトスワローズ,阪神タイガース,7,1,7,9,0,0,0,0,"3(0),1(0),1(0),0(0),0(0),2(1),0(0),0(0),x(0)",26499,https://npb.jp/scores/2022/1012/s-t-01/
2022年10月13日（木）,京セラD大阪,オリックス・バファローズ,福岡ソフトバンクホークス,4,3,11,9,0,0,0,0,"1(1),0(0),1(1),0(0),2(0),0(0),0(0),0(0),x(1)",18572,https://npb.jp/scores/2022/1013/b-h-02/
2022年10月13日（木）,神　宮,東京ヤクルトスワローズ,阪神タイガース,5,3,7,11,1,1,0,0,"0(1),0(0),2(0),1(0),2(0),0(0),0(1),0(0),x(1)",26071,https://npb.jp/scores/2022/1013/s-t-02/
2022年10月14日（金）,京セラD大阪,オリックス・バファローズ,福岡ソフトバンクホークス,0,3,6,8,1,1,0,0,"0(2),0(0),0(0),0(0),0(0),0(0),0(1),0(0),0(0)",27526,https://npb.jp/scores/2022/1014/b-h-03/
2022年10月14日（金）,神　宮,東京ヤクルトスワローズ,阪神タイガース,6,3,5,8,0,2,0,0,"0(0),0(0),0(0),0(1),0(2),0(0),5(0),1(0),x(0)",29343,https://npb.jp/scores/2022/1014/s-t-03/
2022年10月15日（土）,京セラD大阪,オリックス・バファローズ,福岡ソフトバンクホークス,3,2,6,4,0,1,0,0,"0(0),0(0),0(0),2(0),0(0),0(0),0(2),0(0),1x(0)",33717,https://npb.jp/scores/2022/1015/b-h-04/
2022年10月22日（土）,神　宮,東京ヤクルトスワローズ,オリックス・バファローズ,5,3,10,10,0,2,0,0,"2(0),0(2),1(0),1(0),0(0),0(0),0(0),1(1),x(0)",29402,https://npb.jp/scores/2022/1022/s-b-01/
2022年10月23日（日）,神　宮,東京ヤクルトスワローズ,オリックス・バファローズ,3,3,12,13,1,0,0,0,"0(0),0(0),0(2),0(0),0(1),0(0),0(0),0(0),3(0)",29410,https://npb.jp/scores/2022/1023/s-b-02/
2022年10月25日（火）,京セラD大阪,オリックス・バファローズ,東京ヤクルトスワローズ,1,7,8,11,1,0,0,0,"0(0),0(0),0(0),0(0),0(3),0(0),0(1),0(0),1(3)",33098,https://npb.jp/scores/2022/1025/b-s-03/
2022年10月26日（水）,京セラD大阪,オリックス・バファローズ,東京ヤクルトスワローズ,1,0,3,6,1,1,0,0,"0(0),0(0),1(0),0(0),0(0),0(0),0(0),0(0),x(0)",33210,https://npb.jp/scores/2022/1026/b-s-04/
2022年10月27日（木）,京セラD大阪,オリックス・バファローズ,東京ヤクルトスワローズ,6,4,11,12,1,1,0,0,"0(1),0(1),0(0),2(0),1(0),0(2),0(0),0(0),3x(0)",33135,https://npb.jp/scores/2022/1027/b-s-05/
2022年10月29日（土）,神　宮,東京ヤクルトスワローズ,オリックス・バファローズ,0,3,1,7,1,0,0,0,"0(0),0(0),0(0),0(0),0(0),0(1),0(0),0(0),0(2)",29379,https://npb.jp/scores/2022/1029/s-b-06/
2022年10月30日（日）,神　宮,東京ヤクルトスワローズ,オリックス・バファローズ,4,5,8,8,1,1,0,0,"0(1),0(0),0(0),0(0),0(4),0(0),0(0),4(0),0(0)",29381,https://npb.jp/scores/2022/1030/s-b-07/
